mfg_number,quantity,price,mfg_name,description
A768EB107M1ELAS036,1,4.38,KEMET,CAP ALUM POLY 100UF 20% 25V SMD
A765EB107M1CLAE025,1,6.86,KEMET,CAP ALUM POLY 100UF 20% 16V SMD
A700V476M006ATE018,1,13.81,KEMET,CAP ALUM POLY 47UF 20% 6.3V SMD
A767MU107M1VLAE029,1,16.46,KEMET,CAP ALUM POLY 100UF 20% 35V SMD
A759MS156M2CAAE094,1,20.84,KEMET,CAP ALUM POLY 15UF 20% 160V TH
A700V106M016ATE045,1,23.32,KEMET,CAP ALUM POLY 10UF 20% 16V SMD
A759MS825M2EAAE458,1,23.57,KEMET,CAP ALUM POLY 8.2UF 20% 250V TH
A767MU107M1JLAE028,1,28.53,KEMET,CAP ALUM POLY 100UF 20% 63V SMD
A759MY227M1JAAE045,1,30.51,KEMET,CAP ALUM POLY 220UF 20% 63V TH
A700X107M010ATE010,1,31.09,KEMET,CAP ALUM POLY 100UF 20% 10V SMD
A700X157M010ATE010,1,31.67,KEMET,CAP ALUM POLY 150UF 20% 10V SMD
A700X337M004ATE010,1,32.75,KEMET,CAP ALUM POLY 330UF 20% 4V SMD
A759PY687M1HAAE026,1,45.73,KEMET,CAP ALUM POLY 680UF 20% 50V TH
APL90A112LH063,1,86.91,KEMET,CAP ALUM POLY 1.1MF 20% 63V TH
A759SZ826M2EAAE150,1,127.93,KEMET,CAP ALUM POLY 82UF 20% 250V TH
A759TC227M2EAAE250,1,232.21,KEMET,CAP ALUM POLY 220UF 20% 250V TH
A750BG227M0JAAE020,1,3.72,KEMET,CAP ALUM POLY 220UF 20% 6.3V TH
A766EB686M1ALAE030,1,3.8,KEMET,CAP ALUM POLY 68UF 20% 10V SMD
A766EB127M1ALAE027,1,3.89,KEMET,CAP ALUM POLY 120UF 20% 10V SMD
A750BG337M0JAAE020,1,3.97,KEMET,CAP ALUM POLY 330UF 20% 6.3V TH
A750EK827M0EAAE007,1,3.97,KEMET,CAP ALUM POLY 820UF 20% 2.5V TH
A759EK227M1AAAE018,1,4.05,KEMET,CAP ALUM POLY 220UF 20% 10V TH
A750EK477M0JAAE018,1,4.05,KEMET,CAP ALUM POLY 470UF 20% 6.3V TH
EA750EK227M1AAA,1,4.05,KEMET,CAP ALUM POLY 220UF 20% 10V TH
A766EB226M1DLAE060,1,4.13,KEMET,CAP ALUM POLY 22UF 20% 20V SMD
A750EK567M0JAAE018,1,4.13,KEMET,CAP ALUM POLY 560UF 20% 6.3V TH
A768EB186M1HLAE048,1,4.22,KEMET,CAP ALUM POLY 18UF 20% 50V SMD
A750EM277M1CAAE015,1,4.3,KEMET,CAP ALUM POLY 270UF 20% 16V TH
A759EK107M1CAAE018,1,4.3,KEMET,CAP ALUM POLY 100UF 20% 16V TH
A750EM337M1CAAE015,1,4.3,KEMET,CAP ALUM POLY 330UF 20% 16V TH
A750EM827M0JAAE008,1,4.38,KEMET,CAP ALUM POLY 820UF 20% 6.3V TH
A768EB226M1HLAE048,1,4.38,KEMET,CAP ALUM POLY 22UF 20% 50V SMD
A758BG106M1EDAE070,1,4.38,KEMET,CAP ALUM POLY 10UF 20% 25V TH
A768EB476M1VLAS042,1,4.38,KEMET,CAP ALUM POLY 47UF 20% 35V SMD
A768EB127M1DLAS034,1,4.47,KEMET,CAP ALUM POLY 120UF 20% 20V SMD
A750EK227M1CAAE016,1,4.63,KEMET,CAP ALUM POLY 220UF 20% 16V TH
EA759EK226M1JAA,1,4.71,KEMET,CAP ALUM POLY 22UF 20% 63V TH
A758KR477M1AAAE011,1,4.88,KEMET,CAP ALUM POLY 470UF 20% 10V TH
A765BC107M0JLAE025,1,4.88,KEMET,CAP ALUM POLY 100UF 20% 6.3V SMD
A759EK226M1JEAE054,1,4.96,KEMET,CAP ALUM POLY 22UF 20% 63V TH
A758EK226M1EAAE050,1,5.04,KEMET,CAP ALUM POLY 22UF 20% 25V TH
A758EK107M1CAAE018,1,5.04,KEMET,CAP ALUM POLY 100UF 20% 16V TH
A758EK107M1AAAE016,1,5.04,KEMET,CAP ALUM POLY 100UF 20% 10V TH
A765EB157M1ALAE022,1,5.13,KEMET,CAP ALUM POLY 150UF 20% 10V SMD
A758KR277M1CAAE011,1,5.21,KEMET,CAP ALUM POLY 270UF 20% 16V TH
A759KC226M1JAAE054,1,5.21,KEMET,CAP ALUM POLY 22UF 20% 63V TH
A758EK336M1EAAE040,1,5.38,KEMET,CAP ALUM POLY 33UF 20% 25V TH
A765BG227M0JLAE020,1,5.38,KEMET,CAP ALUM POLY 220UF 20% 6.3V SMD
A765KG106M1ELAE035,1,5.38,KEMET,CAP ALUM POLY 10UF 20% 25V SMD
A750KK108M0JAAE015,1,5.38,KEMET,CAP ALUM POLY 1000UF 20% 6.3V TH
A758KR687M1AAAE008,1,5.46,KEMET,CAP ALUM POLY 680UF 20% 10V TH
A780EB476M1VLAS070,1,5.71,KEMET,CAP ALUM HYBRID 47UF 20% 35V SMD
A765EB227M0JLAE020,1,5.71,KEMET,CAP ALUM POLY 220UF 20% 6.3V SMD
A780EB107M1ELAS065,1,5.79,KEMET,CAP ALUM HYB 100UF 20% 25V SMD
A766KE106M1ELAE060,1,5.79,KEMET,CAP ALUM POLY 10UF 20% 25V SMD
A768KE826M1GLAE038,1,5.87,KEMET,CAP ALUM POLY 82UF 20% 40V SMD
A768KE686M1GLAS038,1,5.87,KEMET,CAP ALUM POLY 68UF 20% 40V SMD
A768KE396M1HLAE042,1,5.87,KEMET,CAP ALUM POLY 39UF 20% 50V SMD
A765EG337M0JLAE017,1,6.04,KEMET,CAP ALUM POLY 330UF 20% 6.3V SMD
A768KE276M1JLAE054,1,6.04,KEMET,CAP ALUM POLY 27UF 20% 63V SMD
A750KS227M1EAAE015,1,6.37,KEMET,CAP ALUM POLY 220UF 20% 25V TH
A750KS158M0JAAE014,1,6.37,KEMET,CAP ALUM POLY 1500UF 20% 6.3V TH
A750KS227M1EEAE015,1,6.37,KEMET,CAP ALUM POLY 220UF 20% 25V TH
A758KK687M0GAAE016,1,6.45,KEMET,CAP ALUM POLY 680UF 20% 4V TH
A759BQ106M1VAAE090,1,6.7,KEMET,CAP ALUM POLY 10UF 20% 35V TH
A759KR227M1VAAE024,1,6.7,KEMET,CAP ALUM POLY 220UF 20% 35V TH
A780EN476M1HLAS050,1,6.7,KEMET,CAP ALUM HYBRID 47UF 20% 50V SMD
A780EN276M1JLAS060,1,6.86,KEMET,CAP ALUM HYBRID 27UF 20% 63V SMD
A759BQ106M1HAAE105,1,7.03,KEMET,CAP ALUM POLY 10UF 20% 50V TH
A765EB476M1ELAE040,1,7.03,KEMET,CAP ALUM POLY 47UF 20% 25V SMD
A750MS108M1AAAE013,1,7.11,KEMET,CAP ALUM POLY 1000UF 20% 10V TH
A765KH477M0JLAE016,1,7.11,KEMET,CAP ALUM POLY 470UF 20% 6.3V SMD
A759BQ336M1VAAE075,1,7.19,KEMET,CAP ALUM POLY 33UF 20% 35V TH
A759BQ226M1HAAE075,1,7.28,KEMET,CAP ALUM POLY 22UF 20% 50V TH
A750MU228M0GAAE007,1,7.53,KEMET,CAP ALUM POLY 2200UF 20% 4V TH
A759KS107M1EAAE025,1,7.69,KEMET,CAP ALUM POLY 100UF 20% 25V TH
A768KS157M1GLAS025,1,7.69,KEMET,CAP ALUM POLY 150UF 20% 40V SMD
A765KN227M1ALAE020,1,7.77,KEMET,CAP ALUM POLY 220UF 20% 10V SMD
A759MS477M1EAAE020,1,7.94,KEMET,CAP ALUM POLY 470UF 20% 25V TH
A785KN227M1ELAS029,1,7.94,KEMET,CAP ALUM HYB 220UF 20% 25V SMD
A755KS227M1EAAE025,1,8.1,KEMET,CAP ALUM POLY 220UF 20% 25V TH
A755KS107M1EAAE025,1,8.27,KEMET,CAP ALUM POLY 100UF 20% 25V TH
A759MS158M0JAAE013,1,8.35,KEMET,CAP ALUM POLY 1500UF 20% 6.3V TH
A759MS108M1AAAE012,1,8.43,KEMET,CAP ALUM POLY 1000UF 20% 10V TH
A750KV277M1VAAE020,1,8.52,KEMET,CAP ALUM POLY 270UF 20% 35V TH
A768KS477M1CLAE017,1,8.52,KEMET,CAP ALUM POLY 470UF 20% 16V SMD
A765KN108M0JLAE012,1,8.6,KEMET,CAP ALUM POLY 1000UF 20% 6.3V
A768MS477M1ELAE017,1,8.6,KEMET,CAP ALUM POLY 470UF 20% 25V SMD
A768KS397M1DLAE017,1,8.6,KEMET,CAP ALUM POLY 390UF 20% 20V SMD
A768KS337M1ELAE019,1,8.6,KEMET,CAP ALUM POLY 330UF 20% 25V SMD
A765KN227M1CLAE016,1,8.6,KEMET,CAP ALUM POLY 220UF 20% 16V SMD
A768MS277M1VLAE022,1,8.68,KEMET,CAP ALUM POLY 270UF 20% 35V SMD
A768MS687M1DLAE015,1,8.68,KEMET,CAP ALUM POLY 680UF 20% 20V SMD
A780KN157M1VLAS030,1,8.68,KEMET,CAP ALUM HYB 150UF 20% 35V SMD
A768KS187M1VLAE024,1,8.77,KEMET,CAP ALUM POLY 180UF 20% 35V SMD
A768KS476M1JLAE031,1,8.77,KEMET,CAP ALUM POLY 47UF 20% 63V SMD
A765KN277M1CLAE016,1,8.77,KEMET,CAP ALUM POLY 270UF 20% 16V SMD
A750MS108M1CAAE013,1,8.85,KEMET,CAP ALUM POLY 1000UF 20% 16V TH
A768MS127M1HLAE024,1,8.85,KEMET,CAP ALUM POLY 120UF 20% 50V SMD
A759EQ475M2AAAE160,1,8.93,KEMET,CAP ALUM POLY 4.7UF 20% 100V TH
A768MS477M1ELAS017,1,8.93,KEMET,CAP ALUM POLY 470UF 20% 25V SMD
A750KW687M1EAAE016,1,8.93,KEMET,CAP ALUM POLY 680UF 20% 25V TH
A768KS566M1JLAE031,1,9.01,KEMET,CAP ALUM POLY 56UF 20% 63V SMD
A768MS227M1GLAS022,1,9.01,KEMET,CAP ALUM POLY 220UF 20% 40V SMD
A768MS157M1HLAE024,1,9.1,KEMET,CAP ALUM POLY 150UF 20% 50V SMD
A768KS227M1VLAE024,1,9.18,KEMET,CAP ALUM POLY 220UF 20% 35V SMD
A768MS476M1KLAE034,1,9.18,KEMET,CAP ALUM POLY 47UF 20% 80V SMD
A769KS227M1VLAS016,1,9.18,KEMET,CAP ALUM POLY 220UF 20% 35V SMD
A759MS158M1AAAE012,1,9.26,KEMET,CAP ALUM POLY 1500UF 20% 10V TH
A768KS396M1KLAE038,1,9.34,KEMET,CAP ALUM POLY 39UF 20% 80V SMD
A768MS107M1HLAE024,1,9.43,KEMET,CAP ALUM POLY 100UF 20% 50V SMD
A768MS337M1VLAS022,1,9.43,KEMET,CAP ALUM POLY 330UF 20% 35V SMD
A750MV158M1CAAE010,1,9.59,KEMET,CAP ALUM POLY 1500UF 20% 16V TH
A750MS477M1EAAE015,1,9.59,KEMET,CAP ALUM POLY 470UF 20% 25V TH
A765KN337M1CLAE016,1,9.68,KEMET,CAP ALUM POLY 330UF 20% 16V SMD
A782MN107M1HLAS030,1,9.84,KEMET,CAP ALUM HYB 100UF 20% 50V SMD
A780KS107M1HLAS031,1,9.92,KEMET,CAP ALUM HYB 100UF 20% 50V SMD
A750MV477M1VAAE018,1,10.09,KEMET,CAP ALUM POLY 470UF 20% 35V TH
A750MV108M1EAAE014,1,10.09,KEMET,CAP ALUM POLY 1000UF 20% 25V TH
A781MN477M1ELAS025,1,10.09,KEMET,CAP ALUM HYB 470UF 20% 25V SMD
A765KN107M1ELAE024,1,10.58,KEMET,CAP ALUM POLY 100UF 20% 25V SMD
A700V476M006ATE028,1,10.83,KEMET,CAP ALUM POLY 47UF 20% 6.3V SMD
A750MW228M1CAAE010,1,10.83,KEMET,CAP ALUM POLY 2200UF 20% 16V TH
A782MS227M1VLAS020,1,10.92,KEMET,CAP ALUM HYB 220UF 20% 35V SMD
A750MV157M1JAAE022,1,11.08,KEMET,CAP ALUM POLY 150UF 20% 63V TH
A782MS107M1JLAS030,1,11.25,KEMET,CAP ALUM HYB 100UF 20% 63V SMD
A759KK225M2EAAE685,1,11.33,KEMET,CAP ALUM POLY 2.2UF 20% 250V TH
A771MS567M1ELAS011,1,11.41,KEMET,CAP ALUM POLY 560UF 20% 25V SMD
A781MN107M1HLAS030,1,11.49,KEMET,CAP ALUM HYB 100UF 20% 50V SMD
A781MN337M1ELAS025,1,11.49,KEMET,CAP ALUM HYB 330UF 20% 25V SMD
A769MS107M1JLAS018,1,11.58,KEMET,CAP ALUM POLY 100UF 20% 63V SMD
A755MS158M0JAAE013,1,11.74,KEMET,CAP ALUM POLY 1500UF 20% 6.3V TH
A767KN476M1VLAE031,1,11.99,KEMET,CAP ALUM POLY 47UF 20% 35V SMD
A755MS158M1AAAE013,1,11.99,KEMET,CAP ALUM POLY 1500UF 20% 10V TH
A780MS337M1VLAS020,1,12.4,KEMET,CAP ALUM HYB 330UF 20% 35V SMD
A759KS107M1VAAE031,1,12.49,KEMET,CAP ALUM POLY 100UF 20% 35V TH
A750MW128M1EAAE014,1,12.57,KEMET,CAP ALUM POLY 1200UF 20% 25V TH
A750MW187M1JAAE020,1,12.9,KEMET,CAP ALUM POLY 180UF 20% 63V TH
A750MW687M1VAAE018,1,12.98,KEMET,CAP ALUM POLY 680UF 20% 35V TH
A759KS475M2EAAE496,1,13.31,KEMET,CAP ALUM POLY 4.7UF 20% 250V TH
A781MS107M1JLAS030,1,13.48,KEMET,CAP ALUM HYB 100UF 20% 63V SMD
A759KS156M2AAAE052,1,14.55,KEMET,CAP ALUM POLY 15UF 20% 100V TH
A759KS106M2CAAE110,1,14.89,KEMET,CAP ALUM POLY 10UF 20% 160V TH
A780MN277M1VLAV025,1,15.3,KEMET,CAP ALUM HYB 270UF 20% 35V SMD
A785MW227M1HLAS015,1,15.46,KEMET,CAP ALUM HYB 220UF 20% 50V SMD
A785MW477M1VLAS015,1,15.55,KEMET,CAP ALUM HYB 470UF 20% 35V SMD
A780MS107M1JLAS030,1,15.55,KEMET,CAP ALUM HYB 100UF 20% 63V SMD
A700V686M006ATE018,1,16.54,KEMET,CAP ALUM POLY 68UF 20% 6.3V SMD
A767KN476M1HLAE029,1,17.2,KEMET,CAP ALUM POLY 47UF 20% 50V SMD
A767KN226M1KLAE045,1,17.28,KEMET,CAP ALUM POLY 22UF 20% 80V SMD
A700V226M010ATE028,1,17.37,KEMET,CAP ALUM POLY 22UF 20% 10V SMD
A700V477M002ATE4R5,1,17.7,KEMET,CAP ALUM POLY 470UF 20% 2V SMD
A720V477M002APE003,1,17.94,KEMET,CAP ALUM POLY 470UF 20% 2V SMD
A767KN566M1HLAE029,1,18.03,KEMET,CAP ALUM POLY 56UF 20% 50V SMD
A720V477M2R5APE003,1,18.19,KEMET,CAP ALUM POLY 470UF 20% 2.5V SMD
A767MU227M1VLAE028,1,18.77,KEMET,CAP ALUM POLY 220UF 20% 35V SMD
A700V106M12RATE060,1,18.85,KEMET,CAP ALUM POLY 10UF 20% 12.5V SMD
A759MS685M2EAAE482,1,19.19,KEMET,CAP ALUM POLY 6.8UF 20% 250V TH
A759MS107M1HAAE031,1,19.52,KEMET,CAP ALUM POLY 100UF 20% 50V TH
A785MW227M1HLAV015,1,19.6,KEMET,CAP ALUM HYB 220UF 20% 50V SMD
A700V336M006ATE028,1,20.09,KEMET,CAP ALUM POLY 33UF 20% 6.3V SMD
A700V106M006ATE055,1,20.09,KEMET,CAP ALUM POLY 10UF 20% 6.3V SMD
A700X187M006ATE015,1,20.26,KEMET,CAP ALUM POLY 180UF 20% 6.3V SMD
A759MS226M2AAAE045,1,20.34,KEMET,CAP ALUM POLY 22UF 20% 100V TH
A768MS477M1ELAV017,1,20.59,KEMET,CAP ALUM POLY 470UF 20% 25V SMD
A768MS157M1HLAV024,1,20.67,KEMET,CAP ALUM POLY 150UF 20% 50V SMD
A768MS107M1HLAV024,1,20.92,KEMET,CAP ALUM POLY 100UF 20% 50V SMD
A798V477M2R5APE003,1,20.92,KEMET,CAP ALUM POLY 470UF 20% 2.5V SMD
A768MS107M1JLAV027,1,21.17,KEMET,CAP ALUM POLY 100UF 20% 63V SMD
A784MW567M1VLAV013,1,21.42,KEMET,CAP ALUM HYB 560UF 20% 35V SMD
A700X187M006ATE010,1,21.5,KEMET,CAP ALUM POLY 180UF 20% 6.3V SMD
A700D476M12RATE025,1,24.64,KEMET,CAP ALUM POLY 47UF 20% 12.5V SMD
A768MS227M1GLAV022,1,24.81,KEMET,CAP ALUM POLY 220UF 20% 40V SMD
A700D566M010ATE015,1,24.97,KEMET,CAP ALUM POLY 56UF 20% 10V SMD
A700D157M006ATE010,1,26.21,KEMET,CAP ALUM POLY 150UF 20% 6.3V SMD
A767MU476M1KLAE040,1,27.04,KEMET,CAP ALUM POLY 47UF 20% 80V SMD
A700D226M016ATE030,1,27.54,KEMET,CAP ALUM POLY 22UF 20% 16V SMD
A780MS107M1JLAV030,1,29.52,KEMET,CAP ALUM HYB 100UF 20% 63V SMD
A759MX447M1HAAE028,1,30.51,KEMET,CAP ALUM POLY 440UF 20% 50V TH
A700X157M010ATE015,1,30.51,KEMET,CAP ALUM POLY 150UF 20% 10V SMD
A767MU226M2ALAE038,1,31.51,KEMET,CAP ALUM POLY 22UF 20% 100V SMD
A700X227M006ATE010,1,34.4,KEMET,CAP ALUM POLY 220UF 20% 6.3V SMD
A700X157M006ATE015,1,34.65,KEMET,CAP ALUM POLY 150UF 20% 6.3V SMD
PHA225MLP3560QE4,1,59.13,KEMET,CAP ALUM HYB 560UF 10-30% 63V TH
PHA227MLP4110ME4,1,105.93,KEMET,CAP ALUM HYB 1100UF 20% 63V TH
A766EB127M0JLAE022,1,3.72,KEMET,CAP ALUM POLY 120UF 20% 6.3V SMD
A750EK277M1AAAE010,1,3.8,KEMET,CAP ALUM POLY 270UF 20% 10V TH
A765EB337M0GLAE014,1,3.97,KEMET,CAP ALUM POLY 330UF 20% 4V SMD
A759EK227M0JAAE018,1,3.97,KEMET,CAP ALUM POLY 220UF 20% 6.3V TH
A766EB686M1CLAE030,1,4.22,KEMET,CAP ALUM POLY 68UF 20% 16V SMD
A765EB686M1CLAE025,1,4.22,KEMET,CAP ALUM POLY 68UF 20% 16V SMD
A750EK337M1AAAE016,1,4.22,KEMET,CAP ALUM POLY 330UF 20% 10V TH
A759EK477M0JAAE016,1,4.3,KEMET,CAP ALUM POLY 470UF 20% 6.3V TH
A759EK337M1AAAE018,1,4.3,KEMET,CAP ALUM POLY 330UF 20% 10V TH
A768EB396M1GLAE045,1,4.3,KEMET,CAP ALUM POLY 39UF 20% 40V SMD
A758BG227M0JAAE018,1,4.3,KEMET,CAP ALUM POLY 220UF 20% 6.3V TH
A766EB396M1CLAE037,1,4.38,KEMET,CAP ALUM POLY 39UF 20% 16V SMD
A768EB396M1GLAS045,1,4.38,KEMET,CAP ALUM POLY 39UF 20% 40V SMD
A750EQ567M1AAAE012,1,4.55,KEMET,CAP ALUM POLY 560UF 20% 10V TH
A766KE157M1ALAE030,1,4.71,KEMET,CAP ALUM POLY 150UF 20% 10V SMD
A750EQ687M1AAAE015,1,4.8,KEMET,CAP ALUM POLY 680UF 20% 10V TH
A750KR108M0GAAE007,1,4.8,KEMET,CAP ALUM POLY 1000UF 20% 4V TH
A765KE477M0GLAE014,1,4.96,KEMET,CAP ALUM POLY 470UF 20% 4V SMD
A758EK567M0EAAE016,1,4.96,KEMET,CAP ALUM POLY 560UF 20% 2.5V TH
A766KE397M0JLAE022,1,5.04,KEMET,CAP ALUM POLY 390UF 20% 6.3V SMD
A758EK567M0GAAE016,1,5.04,KEMET,CAP ALUM POLY 560UF 20% 4V TH
A750KK477M1AAAE016,1,5.13,KEMET,CAP ALUM POLY 470UF 20% 10V TH
A758KR567M1AAAE011,1,5.13,KEMET,CAP ALUM POLY 560UF 20% 10V TH
A758EK477M0JAAE015,1,5.21,KEMET,CAP ALUM POLY 470UF 20% 6.3V TH
A759KC276M1JAAE054,1,5.46,KEMET,CAP ALUM POLY 27UF 20% 63V TH
A768KE157M1ELAE029,1,5.62,KEMET,CAP ALUM POLY 150UF 20% 25V SMD
A765EB157M0JLAE020,1,5.71,KEMET,CAP ALUM POLY 150UF 20% 6.3V SMD
A768KE826M1VLAE036,1,5.71,KEMET,CAP ALUM POLY 82UF 20% 35V SMD
A766KE826M1CLAE030,1,5.71,KEMET,CAP ALUM POLY 82UF 20% 16V SMD
A768KE686M1GLAE038,1,5.71,KEMET,CAP ALUM POLY 68UF 20% 40V SMD
A768KE187M1ELAE029,1,5.71,KEMET,CAP ALUM POLY 180UF 20% 25V SMD
A768KE157M1ELAS029,1,5.79,KEMET,CAP ALUM POLY 150UF 20% 25V SMD
A768KE826M1VLAS036,1,5.87,KEMET,CAP ALUM POLY 82UF 20% 35V SMD
A766KE476M1DLAE045,1,5.95,KEMET,CAP ALUM POLY 47UF 20% 20V SMD
A758KK567M0JAAE014,1,6.12,KEMET,CAP ALUM POLY 560UF 20% 6.3V TH
A770KE396M1HLAS042,1,6.2,KEMET,CAP ALUM POLY 39UF 20% 50V SMD
A750KS827M1AAAE014,1,6.2,KEMET,CAP ALUM POLY 820UF 20% 10V TH
A780EN187M1ELAS045,1,6.62,KEMET,CAP ALUM HYB 180UF 20% 25V SMD
A780EN826M1VLAS045,1,6.7,KEMET,CAP ALUM HYBRID 82UF 20% 35V SMD
A758KK157M1CAAE015,1,6.7,KEMET,CAP ALUM POLY 150UF 20% 16V TH
A759BQ226M1VAAE080,1,7.03,KEMET,CAP ALUM POLY 22UF 20% 35V TH
A758KK227M1CAAE014,1,7.53,KEMET,CAP ALUM POLY 220UF 20% 16V TH
A755KS476M1EAAE025,1,7.69,KEMET,CAP ALUM POLY 47UF 20% 25V TH
A770KS337M1ELAS019,1,7.69,KEMET,CAP ALUM POLY 330UF 20% 25V SMD
A765KN687M0JLAE012,1,8.02,KEMET,CAP ALUM POLY 680UF 20% 6.3V SMD
A755KS827M1AAAE014,1,8.1,KEMET,CAP ALUM POLY 820UF 20% 10V TH
A755KS108M0JAAE013,1,8.19,KEMET,CAP ALUM POLY 1000UF 20% 6.3V TH
A759KS157M1EAAE025,1,8.27,KEMET,CAP ALUM POLY 150UF 20% 25V TH
A755KS107M1DAAE020,1,8.27,KEMET,CAP ALUM POLY 100UF 20% 20V TH
A768MS567M1ELAE017,1,8.52,KEMET,CAP ALUM POLY 560UF 20% 25V SMD
A768KS567M1CLAE017,1,8.68,KEMET,CAP ALUM POLY 560UF 20% 16V SMD
A765KH187M1CLAE016,1,8.85,KEMET,CAP ALUM POLY 180UF 20% 16V SMD
A768KS397M1ELAE019,1,8.85,KEMET,CAP ALUM POLY 390UF 20% 25V SMD
A768MS567M1ELAS017,1,8.85,KEMET,CAP ALUM POLY 560UF 20% 25V SMD
A780KN396M1JLAS040,1,8.93,KEMET,CAP ALUM HYBRID 39UF 20% 63V SMD
A768MS277M1VLAS022,1,9.01,KEMET,CAP ALUM POLY 270UF 20% 35V SMD
A765KN128M0JLAE012,1,9.26,KEMET,CAP ALUM POLY 1200UF 20% 6.3V
A768MS277M1GLAS022,1,9.34,KEMET,CAP ALUM POLY 270UF 20% 40V SMD
A770MS337M1VLAS022,1,9.51,KEMET,CAP ALUM POLY 330UF 20% 35V SMD
A769KS826M1HLAS013,1,9.51,KEMET,CAP ALUM POLY 82UF 20% 50V SMD
A759MS477M1CAAE015,1,9.51,KEMET,CAP ALUM POLY 470UF 20% 16V TH
A750MV827M1EAAE014,1,9.59,KEMET,CAP ALUM POLY 820UF 20% 25V TH
A770MS108M1CLAS015,1,9.68,KEMET,CAP ALUM POLY 1000UF 20% 16V SMD
A750MV397M1VAAE020,1,9.76,KEMET,CAP ALUM POLY 390UF 20% 35V TH
A750MS567M1EAAE015,1,9.84,KEMET,CAP ALUM POLY 560UF 20% 25V TH
A759MS567M1CAAE015,1,9.92,KEMET,CAP ALUM POLY 560UF 20% 16V TH
A765KH337M1ALAE017,1,10.09,KEMET,CAP ALUM POLY 330UF 20% 10V SMD
A759KS227M1EAAE025,1,10.17,KEMET,CAP ALUM POLY 220UF 20% 25V TH
A765KN397M1CLAE016,1,10.58,KEMET,CAP ALUM POLY 390UF 20% 16V SMD
A780MN277M1VLAS025,1,10.83,KEMET,CAP ALUM HYB 270UF 20% 35V SMD
A768MS687M1DLAS015,1,10.92,KEMET,CAP ALUM POLY 680UF 20% 20V SMD
A755MS108M1AAAE013,1,10.92,KEMET,CAP ALUM POLY 1000UF 20% 10V TH
A750MW188M1CAAE010,1,11,KEMET,CAP ALUM POLY 1800UF 20% 16V TH
A755MS477M1CAAE013,1,11.33,KEMET,CAP ALUM POLY 470UF 20% 16V TH
A767KN336M1VLAE031,1,11.41,KEMET,CAP ALUM POLY 33UF 20% 35V SMD
A781MN187M1VLAS025,1,11.83,KEMET,CAP ALUM HYB 180UF 20% 35V SMD
A780MS567M1ELAS022,1,11.91,KEMET,CAP ALUM HYB 560UF 20% 25V SMD
A781MN686M1JLAS035,1,11.91,KEMET,CAP ALUM HYBRID 68UF 20% 63V SMD
A755MS108M1CAAE012,1,12.16,KEMET,CAP ALUM POLY 1000UF 20% 16V TH
A784MS477M1ELAS018,1,12.49,KEMET,CAP ALUM HYB 470UF 20% 25V SMD
A781MS277M1VLAS022,1,12.73,KEMET,CAP ALUM HYB 270UF 20% 35V SMD
A781MS157M1HLAS028,1,12.98,KEMET,CAP ALUM HYB 150UF 20% 50V SMD
A780MS157M1HLAS025,1,12.98,KEMET,CAP ALUM HYB 150UF 20% 50V SMD
A781MS567M1ELAS022,1,12.98,KEMET,CAP ALUM HYB 560UF 20% 25V SMD
A759MS227M1EAAE022,1,13.07,KEMET,CAP ALUM POLY 220UF 20% 25V TH
A759KK106M1KAAE075,1,13.4,KEMET,CAP ALUM POLY 10UF 20% 80V TH
A755MS337M1EAAE015,1,13.64,KEMET,CAP ALUM POLY 330UF 20% 25V TH
A700V686M006ATE028,1,13.73,KEMET,CAP ALUM POLY 68UF 20% 6.3V SMD
A759KS335M2EAAE512,1,14.89,KEMET,CAP ALUM POLY 3.3UF 20% 250V TH
A767KN226M1JLAE045,1,15.3,KEMET,CAP ALUM POLY 22UF 20% 63V SMD
A765MU227M1ELAE050,1,15.96,KEMET,CAP ALUM POLY 220UF 20% 25V SMD
A781MN107M1HLAV030,1,16.7,KEMET,CAP ALUM HYB 100UF 20% 50V SMD
A781MN477M1ELAV025,1,16.87,KEMET,CAP ALUM HYB 470UF 20% 25V SMD
A784MW157M1JLAS015,1,17.04,KEMET,CAP ALUM HYB 150UF 20% 63V SMD
A700V337M2R5ATE4R5,1,17.12,KEMET,CAP ALUM POLY 330UF 20% 2.5V SMD
A767KN336M1HLAE045,1,17.2,KEMET,CAP ALUM POLY 33UF 20% 50V SMD
A700V477M002ATE006,1,17.53,KEMET,CAP ALUM POLY 470UF 20% 2V SMD
A720V477M002APE4R5,1,17.94,KEMET,CAP ALUM POLY 470UF 20% 2V SMD
A720V477M2R5APE4R5,1,18.19,KEMET,CAP ALUM POLY 470UF 20% 2.5V SMD
A767KN336M1JLAE042,1,18.44,KEMET,CAP ALUM POLY 33UF 20% 63V SMD
A700W227M2R5ATE009,1,19.35,KEMET,CAP ALUM POLY 220UF 20% 2.5V SMD
A759MS686M1JAAE047,1,19.52,KEMET,CAP ALUM POLY 68UF 20% 63V TH
A700V226M12RATE030,1,19.85,KEMET,CAP ALUM POLY 22UF 20% 12.5V SMD
A700V107M002ATE028,1,20.09,KEMET,CAP ALUM POLY 100UF 20% 2V SMD
A700V825M016ATE045,1,20.09,KEMET,CAP ALUM POLY 8.2UF 20% 16V SMD
A768MS567M1ELAV017,1,20.43,KEMET,CAP ALUM POLY 560UF 20% 25V SMD
A768MS277M1VLAV022,1,20.59,KEMET,CAP ALUM POLY 270UF 20% 35V SMD
A768MS337M1VLAV022,1,20.92,KEMET,CAP ALUM POLY 330UF 20% 35V SMD
A768MS277M1GLAV022,1,20.92,KEMET,CAP ALUM POLY 270UF 20% 40V SMD
A768MS108M1CLAV015,1,20.92,KEMET,CAP ALUM POLY 1000UF 20% 16V SMD
A767KS336M1KLAE045,1,20.92,KEMET,CAP ALUM POLY 33UF 20% 80V SMD
A780MS337M1VLAV020,1,21.34,KEMET,CAP ALUM HYB 330UF 20% 35V SMD
A700D127M006ATE015,1,21.5,KEMET,CAP ALUM POLY 120UF 20% 6.3V SMD
A784MW157M1JLAV015,1,21.83,KEMET,CAP ALUM HYB 150UF 20% 63V SMD
A700V477M002PTE009,1,22.16,KEMET,CAP ALUM POLY 470UF 20% 2V SMD
A781MS157M1HLAV028,1,22.74,KEMET,CAP ALUM HYB 150UF 20% 50V SMD
A700D127M006ATE012,1,22.82,KEMET,CAP ALUM POLY 120UF 20% 6.3V SMD
A700V156M025ATE040,1,22.91,KEMET,CAP ALUM POLY 15UF 20% 25V SMD
A781MS107M1JLAV030,1,23.15,KEMET,CAP ALUM HYB 100UF 20% 63V SMD
A767MU107M1HLAE027,1,24.23,KEMET,CAP ALUM POLY 100UF 20% 50V SMD
A700V107M006ATE015,1,24.31,KEMET,CAP ALUM POLY 100UF 20% 6.3V SMD
A700D187M004ATE015,1,24.97,KEMET,CAP ALUM POLY 180UF 20% 4V SMD
A759MW157M1JAAE048,1,25.22,KEMET,CAP ALUM POLY 150UF 20% 63V TH
A700D337M002ATE012,1,26.21,KEMET,CAP ALUM POLY 330UF 20% 2V SMD
A700D686M010ATE015,1,26.88,KEMET,CAP ALUM POLY 68UF 20% 10V SMD
A700D107M006ATE018,1,27.54,KEMET,CAP ALUM POLY 100UF 20% 6.3V SMD
A700D107M006ATE015,1,28.7,KEMET,CAP ALUM POLY 100UF 20% 6.3V SMD
A700X107M008ATE015,1,29.11,KEMET,CAP ALUM POLY 100UF 20% 8V SMD
A700X107M008ATE010,1,30.27,KEMET,CAP ALUM POLY 100UF 20% 8V SMD
A700X107M008ATE012,1,30.27,KEMET,CAP ALUM POLY 100UF 20% 8V SMD
A720V337M004APE003,1,31.01,KEMET,CAP ALUM POLY 330UF 20% 4V SMD
A700X337M004ATE015,1,31.59,KEMET,CAP ALUM POLY 330UF 20% 4V SMD
A700X227M004ATE010,1,31.67,KEMET,CAP ALUM POLY 220UF 20% 4V SMD
A700D227M004ATE009,1,32.17,KEMET,CAP ALUM POLY 220UF 20% 4V SMD
A700X227M006ATE015,1,33.24,KEMET,CAP ALUM POLY 220UF 20% 6.3V SMD
A700X127M010ATE010,1,33.33,KEMET,CAP ALUM POLY 120UF 20% 10V SMD
A700X277M004ATE015,1,34.65,KEMET,CAP ALUM POLY 270UF 20% 4V SMD
A700D156M035ATE040,1,35.56,KEMET,CAP ALUM POLY 15UF 20% 35V SMD
A700X157M006ATE010,1,35.72,KEMET,CAP ALUM POLY 150UF 20% 6.3V SMD
A700X477M002ATE010,1,35.72,KEMET,CAP ALUM POLY 470UF 20% 2V SMD
A700X227M006ATE007,1,36.63,KEMET,CAP ALUM POLY 220UF 20% 6.3V SMD
A700X477M002ATE005,1,37.96,KEMET,CAP ALUM POLY 470UF 20% 2V SMD
A700X226M035ATE025,1,40.93,KEMET,CAP ALUM POLY 22UF 20% 35V SMD
PHA225MKP3370QE4,1,58.71,KEMET,CAP ALUM HYB 370UF 10-30% 63V TH
PHA225KLP4110QE4,1,59.04,KEMET,CAP ALUM HYB 1100UF 10-30% 40V
PHA227MKL3540ME4,1,73.93,KEMET,CAP ALUM HYBRID 540UF 20% 63V TH
PHA226MKP3370QE4,1,97.66,KEMET,CAP ALUM HYB 370UF 10-30% 63V TH
PHA223MLP4110ME4,1,133.63,KEMET,CAP ALUM HYB 1100UF 20% 63V TH
PHH223MLP4110ME4,1,136.12,KEMET,CAP ALUM HYB 1100UF 20% 63V TH
A766EB157M0GLAE022,1,3.8,KEMET,CAP ALUM POLY 150UF 20% 4V SMD
A765EB337M0ELAE014,1,3.97,KEMET,CAP ALUM POLY 330UF 20% 2.5V SMD
A765EB397M0GLAE014,1,3.97,KEMET,CAP ALUM POLY 390UF 20% 4V SMD
A750EQ397M1CAAE015,1,4.38,KEMET,CAP ALUM POLY 390UF 20% 16V TH
A765EB566M1CLAE025,1,4.47,KEMET,CAP ALUM POLY 56UF 20% 16V SMD
A750KK687M0JAAE016,1,4.63,KEMET,CAP ALUM POLY 680UF 20% 6.3V TH
A758EK397M0JAAE016,1,5.04,KEMET,CAP ALUM POLY 390UF 20% 6.3V TH
A758EK187M1AAAE016,1,5.38,KEMET,CAP ALUM POLY 180UF 20% 10V TH
A750KK567M1AAAE016,1,5.38,KEMET,CAP ALUM POLY 560UF 20% 10V TH
A765EB187M0JLAE020,1,5.71,KEMET,CAP ALUM POLY 180UF 20% 6.3V SMD
A768KE187M1DLAE029,1,5.79,KEMET,CAP ALUM POLY 180UF 20% 20V SMD
A759KS687M0JAAE014,1,5.95,KEMET,CAP ALUM POLY 680UF 20% 6.3V TH
A750KS128M0JAAE014,1,6.12,KEMET,CAP ALUM POLY 1200UF 20% 6.3V TH
A759KS477M1AAAE014,1,6.37,KEMET,CAP ALUM POLY 470UF 20% 10V TH
A759KS827M1AAAE013,1,6.45,KEMET,CAP ALUM POLY 820UF 20% 10V TH
A755KS277M1AAAE015,1,7.28,KEMET,CAP ALUM POLY 270UF 20% 10V TH
A765KN567M0JLAE012,1,7.53,KEMET,CAP ALUM POLY 560UF 20% 6.3V SMD
A765MN188M0GLAE010,1,7.86,KEMET,CAP ALUM POLY 1800UF 20% 4V SMD
A765KN108M0ELAE012,1,7.86,KEMET,CAP ALUM POLY 1000UF 20% 2.5V
A759EK276M1JAAE054,1,8.43,KEMET,CAP ALUM POLY 27UF 20% 63V TH
A755KS277M1CAAE015,1,8.6,KEMET,CAP ALUM POLY 270UF 20% 16V TH
A755KS157M1DAAE020,1,8.77,KEMET,CAP ALUM POLY 150UF 20% 20V TH
A750MV128M1CAAE012,1,9.01,KEMET,CAP ALUM POLY 1200UF 20% 16V TH
A765KN158M0ELAE010,1,9.26,KEMET,CAP ALUM POLY 1500UF 20% 2.5V
A780KS187M1VLAS025,1,9.76,KEMET,CAP ALUM HYB 180UF 20% 35V SMD
A780KS397M1ELAS025,1,10.01,KEMET,CAP ALUM HYB 390UF 20% 25V SMD
A755MS158M0EAAE013,1,10.01,KEMET,CAP ALUM POLY 1500UF 20% 2.5V TH
A765KN128M0GLAE012,1,10.58,KEMET,CAP ALUM POLY 1200UF 20% 4V SMD
A780MN127M1HLAS030,1,10.83,KEMET,CAP ALUM HYB 120UF 20% 50V SMD
A765MU158M0GLAE012,1,11,KEMET,CAP ALUM POLY 1500UF 20% 4V SMD
A780MN686M1JLAS035,1,11.16,KEMET,CAP ALUM HYBRID 68UF 20% 63V SMD
A765MU278M0ELAE012,1,11.58,KEMET,CAP ALUM POLY 2700UF 20% 2.5V
A784MS157M1HLAS026,1,12.65,KEMET,CAP ALUM HYB 150UF 20% 50V SMD
A767KN566M1VLAE031,1,12.73,KEMET,CAP ALUM POLY 56UF 20% 35V SMD
A759KS396M1HAAE042,1,12.82,KEMET,CAP ALUM POLY 39UF 20% 50V TH
A759KK186M1KAAE075,1,12.9,KEMET,CAP ALUM POLY 18UF 20% 80V TH
A780MS566M1JLAS030,1,12.98,KEMET,CAP ALUM HYBRID 56UF 20% 63V SMD
A759MS337M1EAAE022,1,12.98,KEMET,CAP ALUM POLY 330UF 20% 25V TH
A765MU687M1CLAE018,1,13.23,KEMET,CAP ALUM POLY 680UF 20% 16V SMD
A767KN826M1VLAE031,1,13.31,KEMET,CAP ALUM POLY 82UF 20% 35V SMD
A780KS566M1JLAV040,1,14.06,KEMET,CAP ALUM HYBRID 56UF 20% 63V SMD
A765MU827M1CLAE018,1,14.39,KEMET,CAP ALUM POLY 820UF 20% 16V SMD
A781MN337M1ELAV025,1,14.8,KEMET,CAP ALUM HYB 330UF 20% 25V SMD
A780MN127M1HLAV030,1,14.89,KEMET,CAP ALUM HYB 120UF 20% 50V SMD
A700V337M002ATE009,1,14.97,KEMET,CAP ALUM POLY 330UF 20% 2V SMD
A781MN686M1JLAV035,1,15.05,KEMET,CAP ALUM HYBRID 68UF 20% 63V SMD
A781MN187M1VLAV025,1,15.22,KEMET,CAP ALUM HYB 180UF 20% 35V SMD
A780MN686M1JLAV035,1,16.04,KEMET,CAP ALUM HYBRID 68UF 20% 63V SMD
A700V337M2R5ATE009,1,16.13,KEMET,CAP ALUM POLY 330UF 20% 2.5V SMD
A700V337M2R5ATE006,1,16.54,KEMET,CAP ALUM POLY 330UF 20% 2.5V SMD
A765MU337M1ELAE020,1,16.7,KEMET,CAP ALUM POLY 330UF 20% 25V SMD
A700V477M002ATE009,1,17.12,KEMET,CAP ALUM POLY 470UF 20% 2V SMD
A767KN186M1HLAE050,1,17.28,KEMET,CAP ALUM POLY 18UF 20% 50V SMD
A784MS477M1ELAV018,1,17.53,KEMET,CAP ALUM HYB 470UF 20% 25V SMD
A767MU157M1VLAE028,1,17.53,KEMET,CAP ALUM POLY 150UF 20% 35V SMD
A780MS157M1HLAV025,1,17.61,KEMET,CAP ALUM HYB 150UF 20% 50V SMD
A784MS157M1HLAV026,1,17.7,KEMET,CAP ALUM HYB 150UF 20% 50V SMD
A720V477M002APE006,1,17.94,KEMET,CAP ALUM POLY 470UF 20% 2V SMD
A784MS107M1JLAV028,1,18.03,KEMET,CAP ALUM HYB 100UF 20% 63V SMD
A759MS686M1HAAE032,1,18.52,KEMET,CAP ALUM POLY 68UF 20% 50V TH
A767MU187M1VLAE028,1,18.85,KEMET,CAP ALUM POLY 180UF 20% 35V SMD
A767MU826M1HLAE027,1,18.85,KEMET,CAP ALUM POLY 82UF 20% 50V SMD
A700W227M002ATE009,1,19.35,KEMET,CAP ALUM POLY 220UF 20% 2V SMD
A768MS127M1HLAV024,1,20.51,KEMET,CAP ALUM POLY 120UF 20% 50V SMD
A768MS826M1JLAV027,1,20.59,KEMET,CAP ALUM POLY 82UF 20% 63V SMD
A780MS277M1VLAV022,1,20.67,KEMET,CAP ALUM HYB 270UF 20% 35V SMD
A768MS687M1CLAV015,1,20.84,KEMET,CAP ALUM POLY 680UF 20% 16V SMD
A780MS567M1ELAV022,1,20.92,KEMET,CAP ALUM HYB 560UF 20% 25V SMD
A781MS567M1ELAV022,1,21,KEMET,CAP ALUM HYB 560UF 20% 25V SMD
A759MS826M1JAAE050,1,21.17,KEMET,CAP ALUM POLY 82UF 20% 63V TH
A700V227M002ATE009,1,21.25,KEMET,CAP ALUM POLY 220UF 20% 2V SMD
A780MS566M1JLAV030,1,22,KEMET,CAP ALUM HYBRID 56UF 20% 63V SMD
A781MS277M1VLAV022,1,22.58,KEMET,CAP ALUM HYB 270UF 20% 35V SMD
A700V336M010ATE018,1,22.66,KEMET,CAP ALUM POLY 33UF 20% 10V SMD
A798D477M002ATE006,1,22.66,KEMET,CAP ALUM POLY 470UF 20% 2V SMD
A798D477M2R5ATE009,1,22.66,KEMET,CAP ALUM POLY 470UF 20% 2.5V SMD
A700V336M008ATE018,1,22.66,KEMET,CAP ALUM POLY 33UF 20% 8V SMD
A798D477M2R5ATE006,1,23.07,KEMET,CAP ALUM POLY 470UF 20% 2.5V SMD
A700Q227M2R5ATE009,1,23.32,KEMET,CAP ALUM POLY 220UF 20% 2.5V SMD
A700D686M008ATE015,1,24.97,KEMET,CAP ALUM POLY 68UF 20% 8V SMD
A700D157M006ATE015,1,24.97,KEMET,CAP ALUM POLY 150UF 20% 6.3V SMD
A798V477M002PTE009,1,25.14,KEMET,CAP ALUM POLY 470UF 20% 2V SMD
A798D477M002PTE006,1,25.14,KEMET,CAP ALUM POLY 470UF 20% 2V SMD
A700V336M016ATE025,1,25.39,KEMET,CAP ALUM POLY 33UF 20% 16V SMD
A798D477M2R5PTE006,1,25.55,KEMET,CAP ALUM POLY 470UF 20% 2.5V SMD
A767MU686M1JLAE030,1,27.04,KEMET,CAP ALUM POLY 68UF 20% 63V SMD
A700D337M002ATE007,1,27.37,KEMET,CAP ALUM POLY 330UF 20% 2V SMD
A700D127M004ATE018,1,27.54,KEMET,CAP ALUM POLY 120UF 20% 4V SMD
A700D157M004ATE018,1,27.54,KEMET,CAP ALUM POLY 150UF 20% 4V SMD
A700D157M004ATE015,1,28.7,KEMET,CAP ALUM POLY 150UF 20% 4V SMD
A700D477M002ATE005,1,29.85,KEMET,CAP ALUM POLY 470UF 20% 2V SMD
A700X337M004ATE008,1,31.59,KEMET,CAP ALUM POLY 330UF 20% 4V SMD
A700X227M2R5ATE015,1,34.65,KEMET,CAP ALUM POLY 220UF 20% 2.5V SMD
A700X477M002ATE015,1,34.65,KEMET,CAP ALUM POLY 470UF 20% 2V SMD
PHA225MLL3380QE4,1,68.97,KEMET,CAP ALUM HYB 380UF 10-30% 63V TH
PHH225KLP4110QE4,1,70.04,KEMET,CAP ALUM HYB 1100UF 10-30% 40V
PHH225MKP3370QE4,1,77.9,KEMET,CAP ALUM HYB 370UF 10-30% 63V TH
PHH225MLL3380QE4,1,85.01,KEMET,CAP ALUM HYB 380UF 10-30% 63V TH
PHA223MKL3540ME4,1,86.33,KEMET,CAP ALUM HYBRID 540UF 20% 63V TH
PHA227MKP3780ME4,1,87.33,KEMET,CAP ALUM HYBRID 780UF 20% 63V TH
PHH227MKL3540ME4,1,96.01,KEMET,CAP ALUM HYBRID 540UF 20% 63V TH
PHH223MKL3540ME4,1,98.24,KEMET,CAP ALUM HYBRID 540UF 20% 63V TH
PHH227MLL3800ME4,1,102.29,KEMET,CAP ALUM HYBRID 800UF 20% 63V TH
PHA223MLL3800ME4,1,103.45,KEMET,CAP ALUM HYBRID 800UF 20% 63V TH
PHH223MKP3780ME4,1,103.62,KEMET,CAP ALUM HYBRID 780UF 20% 63V TH
PHA223MKP3780ME4,1,107.83,KEMET,CAP ALUM HYBRID 780UF 20% 63V TH
PHH223MLL3800ME4,1,114.53,KEMET,CAP ALUM HYBRID 800UF 20% 63V TH
PHH227MLP4110ME4,1,115.03,KEMET,CAP ALUM HYB 1100UF 20% 63V TH
A766KE227M0JLAE022,1,4.71,KEMET,CAP ALUM POLY 220UF 20% 6.3V SMD
A766KE567M0GLAE022,1,4.96,KEMET,CAP ALUM POLY 560UF 20% 4V SMD
A750KR687M0GAAE007,1,5.13,KEMET,CAP ALUM POLY 680UF 20% 4V TH
A750KR158M0EAAE007,1,5.46,KEMET,CAP ALUM POLY 1500UF 20% 2.5V TH
A750KK337M1CCAE014,1,5.62,KEMET,CAP ALUM POLY 330UF 20% 16V TH
A750KS477M1CDAE013,1,6.78,KEMET,CAP ALUM POLY 470UF 20% 16V TH
A758KK687M0JAAE014,1,6.86,KEMET,CAP ALUM POLY 680UF 20% 6.3V TH
A768KS187M1VLAS024,1,7.44,KEMET,CAP ALUM POLY 180UF 20% 35V SMD
A785KN127M1VLAS035,1,7.94,KEMET,CAP ALUM HYB 120UF 20% 35V SMD
A787KN337M1ELAS027,1,8.52,KEMET,CAP ALU HYBRID POLYMER 330F 25V
A785KS187M1VLAS032,1,9.18,KEMET,CAP ALUM HYB 180UF 20% 35V SMD
A785KS826M1HLAS036,1,9.26,KEMET,CAP ALUM HYBRID 82UF 20% 50V SMD
A785KS337M1ELAS027,1,9.26,KEMET,CAP ALUM HYB 330UF 20% 25V SMD
A785KS686M1JLAS040,1,9.26,KEMET,CAP ALUM HYBRID 68UF 20% 63V SMD
A700V336M016ATE040,1000,9.37128,KEMET,CAP ALUM POLY 33UF 20% 16V SMD
A782MN157M1VLAS025,1,9.68,KEMET,CAP ALUM HYB 150UF 20% 35V SMD
A782MN307M1ELAS025,1,9.76,KEMET,CAP ALUM HYB 300UF 20% 25V SMD
A783MN477M1ELAS020,1,10.17,KEMET,CAP ALU HYBRID 125C 25V 470UF
A783MN337M1VLAS020,1,10.17,KEMET,CAP ALU HYBRID 125C 25V 330UF
A785MN397M1ELAS020,1,10.25,KEMET,CAP ALUM HYB 390UF 20% 25V SMD
A785MN227M1VLAS023,1,10.34,KEMET,CAP ALUM HYB 220UF 20% 35V SMD
A785MN127M1HLAS028,1,10.42,KEMET,CAP ALUM HYB 120UF 20% 50V SMD
A782MS427M1ELAS020,1,11.08,KEMET,CAP ALUM HYB 420UF 20% 25V SMD
A782MS157M1HLAS028,1,11.16,KEMET,CAP ALUM HYB 150UF 20% 50V SMD
A785MS277M1VLAS020,1,11.58,KEMET,CAP ALUM HYB 270UF 20% 35V SMD
A785MS157M1HLAS026,1,11.66,KEMET,CAP ALUM HYB 150UF 20% 50V SMD
A785MS567M1ELAS017,1,11.74,KEMET,CAP ALUM HYB 560UF 20% 25V SMD
A785MS127M1JLAS028,1,11.91,KEMET,CAP ALUM HYB 120UF 20% 63V SMD
A7C5MW187M1JAAS013,1,13.23,KEMET,CAP ALU HYBRID RADL 180UF 63V
A783MW227M1JLAS013,1,13.81,KEMET,CAP ALU HYBRID 125C 63V 220UF
A785MN397M1ELAV020,1,14.72,KEMET,CAP ALUM HYB 390UF 20% 25V SMD
A785MN127M1HLAV028,1,14.8,KEMET,CAP ALUM HYB 120UF 20% 50V SMD
A785MN227M1VLAV023,1,14.8,KEMET,CAP ALUM HYB 220UF 20% 35V SMD
A785MN826M1JLAV030,1,14.89,KEMET,CAP ALUM HYBRID 82UF 20% 63V SMD
A787MN397M1VLAV020,1,15.22,KEMET,CAP ALU HYBRID POLYMER 390F 35V
A782MS427M1ELAV020,1,15.46,KEMET,CAP ALUM HYB 420UF 20% 25V SMD
A785MW827M1ELAS015,1,15.55,KEMET,CAP ALUM HYB 820UF 20% 25V SMD
A782MS107M1JLAV030,1,15.63,KEMET,CAP ALUM HYB 100UF 20% 63V SMD
A785MS277M1VLAV020,1,15.88,KEMET,CAP ALUM HYB 270UF 20% 35V SMD
A785MS157M1HLAV026,1,16.04,KEMET,CAP ALUM HYB 150UF 20% 50V SMD
A785MS567M1ELAV017,1,16.13,KEMET,CAP ALUM HYB 560UF 20% 25V SMD
A785MS127M1JLAV028,1,16.29,KEMET,CAP ALUM HYB 120UF 20% 63V SMD
A700X226M035ATE040,500,17.76824,KEMET,CAP ALUM POLY 22UF 20% 35V SMD
A720V567M002APE006,1,18.11,KEMET,CAP ALUM POLY 560UF 20% 2V SMD
A720V567M2R5APE006,1,18.44,KEMET,CAP ALUM POLY 560UF 20% 2.5V SMD
A720V567M002APE003,1,18.44,KEMET,CAP ALUM POLY 560UF 20% 2V SMD
A720V567M2R5APE4R5,1,18.69,KEMET,CAP ALUM POLY 560UF 20% 2.5V SMD
A720V567M2R5APE003,1,18.85,KEMET,CAP ALUM POLY 560UF 20% 2.5V SMD
A785MW827M1ELAV015,1,19.6,KEMET,CAP ALUM HYB 820UF 20% 25V SMD
A785MW477M1VLAV015,1,19.68,KEMET,CAP ALUM HYB 470UF 20% 35V SMD
A785MW157M1JLAV013,1,19.85,KEMET,CAP ALUM HYB 150UF 20% 63V SMD
A785MW187M1JLAV013,1,19.85,KEMET,CAP ALUM HYB 180UF 20% 63V SMD
A798V477M002APE4R5,1,20.43,KEMET,CAP ALUM POLY 470UF 20% 2V SMD
A798V477M2R5APE4R5,1,20.67,KEMET,CAP ALUM POLY 470UF 20% 2.5V SMD
A700V227M006PTE012,1,21.75,KEMET,CAP ALUM POLY 220UF 6.3V SMD
A798V227M004PTE012,1,22.33,KEMET,CAP ALUM POLY 220UF 4V SMD
A700V477M002PTE006,1,22.66,KEMET,CAP ALUM POLY 470UF 20% 2V SMD
A700V226M016ATE018,1,23.4,KEMET,CAP ALUM POLY 22UF 20% 16V SMD
A798V227M006PTE012,1,24.15,KEMET,CAP ALUM POLY 220UF 6.3V SMD
A720V337M004APE006,1,30.1,KEMET,CAP ALUM POLY 330UF 20% 4V SMD
A720V337M004APE4R5,1,30.51,KEMET,CAP ALUM POLY 330UF 20% 4V SMD
PHA227JKL4140ME4,1,71.2,KEMET,CAP ALUM HYB 1400UF 20% 35V TH
PHA223JKL4140ME4,1,74.43,KEMET,CAP ALUM HYB 1400UF 20% 35V TH
PHA227HKL4250ME4,1,81.04,KEMET,"CAP ALU HYBRID AXIAL 25V 2,500F"
PHA227JKP4210ME4,1,82.2,KEMET,CAP ALUM HYB 2100UF 20% 35V TH
PHA223JKP4210ME4,1,83.85,KEMET,CAP ALUM HYB 2100UF 20% 35V TH
PHA223HKL4250ME4,1,84.1,KEMET,"CAP ALU HYBRID AXIAL 25V 2,500F"
PHH227JKL4140ME4,1,85.59,KEMET,CAP ALUM HYB 1400UF 20% 35V TH
PHH223JKL4140ME4,1,88.24,KEMET,CAP ALUM HYB 1400UF 20% 35V TH
PHA227JLL4220ME4,1,89.39,KEMET,CAP ALUM HYB 2200UF 20% 35V TH
PHA227HKP4360ME4,1,92.7,KEMET,"CAP ALU HYBRID AXIAL 25V 3,600F"
PHA223JLL4220ME4,1,92.95,KEMET,CAP ALUM HYB 2200UF 20% 35V TH
PHH227JKP4210ME4,1,96.34,KEMET,CAP ALUM HYB 2100UF 20% 35V TH
PHA223HKP4360ME4,1,96.34,KEMET,"CAP ALU HYBRID AXIAL 25V 3,600F"
PHH227HKL4250ME4,1,98.16,KEMET,"CAP ALU HYBRID RADL 25V 2,500F"
PHA227JLP4320ME4,1,98.24,KEMET,CAP ALUM HYB 3200UF 20% 35V TH
PHH223JKP4210ME4,1,99.48,KEMET,CAP ALUM HYB 2100UF 20% 35V TH
PHA227HLL4370ME4,1,99.98,KEMET,"CAP ALU HYBRID AXIAL 25V 3,700F"
PHA223JLP4320ME4,1,102.05,KEMET,CAP ALUM HYB 3200UF 20% 35V TH
PHH223HKL4250ME4,1,102.38,KEMET,"CAP ALU HYBRID RADL 25V 2,500F"
PHH227JLL4220ME4,1,102.87,KEMET,CAP ALUM HYB 2200UF 20% 35V TH
PHA223HLL4370ME4,1,104.11,KEMET,"CAP ALU HYBRID AXIAL 25V 3,700F"
PHH223JLL4220ME4,1,106.01,KEMET,CAP ALUM HYB 2200UF 20% 35V TH
PHA227HLP4520ME4,1,109.49,KEMET,"CAP ALU HYBRID AXIAL 25V 5,200F"
PHH227HKP4360ME4,1,110.07,KEMET,"CAP ALU HYBRID RADL 25V 3,600F"
PHH227JLP4320ME4,1,111.89,KEMET,CAP ALUM HYB 3200UF 20% 35V TH
PHA223HLP4520ME4,1,114.12,KEMET,"CAP ALU HYBRID AXIAL 25V 5,200F"
PHH223HKP4360ME4,1,114.7,KEMET,"CAP ALU HYBRID RADL 25V 3,600F"
PHH223JLP4320ME4,1,115.28,KEMET,CAP ALUM HYB 3200UF 20% 35V TH
PHH227HLL4370ME4,1,117.01,KEMET,"CAP ALU HYBRID RADL 25V 3,700F"
PHH227JML4290ME4,1,119,KEMET,CAP ALU HYBRID RADIAL 125C 35V 2
PHH227HML4470ME4,1,121.48,KEMET,CAP ALU HYBRID RADIAL 125C 25V 4
PHH223HLL4370ME4,1,121.64,KEMET,"CAP ALU HYBRID RADL 25V 3,700F"
PHH223JML4290ME4,1,121.89,KEMET,CAP ALU HYBRID RADIAL 125C 35V 2
PHA227MLL3800ME4,1,122.64,KEMET,CAP ALUM HYBRID 800UF 20% 63V TH
PHH223HML4470ME4,1,124.37,KEMET,CAP ALU HYBRID RADIAL 125C 25V 4
PHV227HKL4250ME4,1,125.53,KEMET,CAP ALUM HYB 2500UF 20% 25V SMD
PHH227HLP4520ME4,1,126.85,KEMET,"CAP ALU HYBRID RADL 25V 5,200F"
PHV227JKL4140ME4,1,127.35,KEMET,CAP ALUM HYB 1400UF 20% 35V SMD
PHV223HKL4250ME4,1,128.59,KEMET,CAP ALUM HYB 2500UF 20% 25V SMD
PHV227JLL4220ME4,1,130.24,KEMET,CAP ALUM HYB 2200UF 20% 35V SMD
PHV223JKL4140ME4,1,130.41,KEMET,CAP ALUM HYB 1400UF 20% 35V SMD
PHV223HLL4370ME4,1,130.41,KEMET,CAP ALUM HYB 3700UF 20% 25V SMD
PHS227HKP4360ME4,1,130.41,KEMET,CAP ALUM HYB 3600UF 20% 25V SMD
PHH223HLP4520ME4,1,131.98,KEMET,"CAP ALU HYBRID RADL 25V 5,200F"
PHV223JLL4220ME4,1,133.22,KEMET,CAP ALUM HYB 2200UF 20% 35V SMD
PHS223HKP4360ME4,1,133.47,KEMET,CAP ALUM HYB 3600UF 20% 25V SMD
PHS223JKP4210ME4,1,136.03,KEMET,CAP ALUM HYB 2100UF 20% 35V SMD
PHV227HLP4520ME4,1,137.11,KEMET,CAP ALUM HYB 5200UF 20% 25V SMD
PHV227JKP4210ME4,1,139.34,KEMET,CAP ALUM HYB 2100UF 20% 35V SMD
PHV227JLP4320ME4,1,139.92,KEMET,CAP ALUM HYB 3200UF 20% 35V SMD
PHV223HLP4520ME4,1,140.17,KEMET,CAP ALUM HYB 5200UF 20% 25V SMD
PHH227JMP4420ME4,1,141.08,KEMET,CAP ALU HYBRID RADIAL 125C 35V 4
PHV223JKP4210ME4,1,142.4,KEMET,CAP ALUM HYB 2100UF 20% 35V SMD
PHS225MKP3370QE4,1,142.57,KEMET,CAP ALUM POLY 125C 380UF 63VDC
PHV223JLP4320ME4,1,142.98,KEMET,CAP ALUM HYB 3200UF 20% 35V SMD
PHV225MLL3380QE4,1,143.89,KEMET,CAP ALUM POLY 125C 380UF 63VDC
PHH223JMP4420ME4,1,143.89,KEMET,CAP ALU HYBRID RADIAL 125C 35V 4
PHV225MLP3560QE4,1,151,KEMET,CAP ALUM POLY 125C 560UF 63VDC
PHH227JMS4540ME4,1,155.88,KEMET,CAP ALU HYBRID RADIAL 125C 35V 5
PHH223JMS4540ME4,1,158.28,KEMET,CAP ALU HYBRID RADIAL 125C 35V 5
PHH227HMS4870ME4,1,165.39,KEMET,CAP ALU HYBRID RADIAL 125C 25V 8
PHH227MMS4190ME4,1,215.67,KEMET,CAP ALU HYBRID RADIAL 125C 63V 1
PHH223MMS4190ME4,1,218.31,KEMET,CAP ALU HYBRID RADIAL 125C 63V 1
APL9VA600LH250,1,517.75,KEMET,CAP ALUM POLY 60UF 250V TH
A750MU188M0GAAE007,2500,2.15383,KEMET,CAP ALUM POLY 1800UF 20% 4V TH
A750EK337M0EAAE007,1,3.56,KEMET,CAP ALUM POLY 330UF 20% 2.5V TH
A750EK477M0EAAE007,1,3.64,KEMET,CAP ALUM POLY 470UF 20% 2.5V TH
A750KR128M0GAAE007,1,5.29,KEMET,CAP ALUM POLY 1200UF 20% 4V TH
A765EK567M0ELAE020,1,5.46,KEMET,CAP ALUM POLY 560UF 20% 2.5V SMD
A765EG477M0ELAE020,1,6.12,KEMET,CAP ALUM POLY 470UF 20% 2.5V SMD
A765KN826M1ELAE029,1,8.6,KEMET,CAP ALUM POLY 82UF 20% 25V SMD
A765KN566M1ELAE075,1,9.84,KEMET,CAP ALUM POLY 56UF 20% 25V SMD
A765MU157M1ELAE050,1,13.4,KEMET,CAP ALUM POLY 150UF 20% 25V SMD
A700X337M002ATE010,500,15.64796,KEMET,CAP ALUM POLY 330UF 20% 2V SMD
A700W227M002ATE006,1,18.94,KEMET,CAP ALUM POLY 220UF 20% 2V SMD
A700X227M004ATE015,1,29.03,KEMET,CAP ALUM POLY 220UF 20% 4V SMD
PHA225MKP3370QE1,1,45.32,KEMET,CAP ALUM HYB 370UF 10-30% 63V TH
EA765KH567M0GLA,1,,KEMET,CAP ALUM POLY 560UF 20% 4V SMD
A765EG157M1CLA,1,,KEMET,CAP ALUM POLY 150UF 20% 16V SMD
A765MU227M1ELA,1,,KEMET,CAP ALUM POLY 220UF 20% 25V SMD
A768KS107M1HLAE030,1,8.93,KEMET,CAP ALUM POLY 100UF 20% 50V SMD
A765EB127M1ALAE018,1,3.72,KEMET,CAP ALUM POLY 120UF 20% 10V SMD
A766EB227M0JLAE022,1,3.97,KEMET,CAP ALUM POLY 220UF 20% 6.3V SMD
A758BG106M1EAAE070,1,4.05,KEMET,CAP ALUM POLY 10UF 20% 25V TH
A768EB336M1GLAE045,1,4.22,KEMET,CAP ALUM POLY 33UF 20% 40V SMD
A768EB336M1GLAS045,1,4.3,KEMET,CAP ALUM POLY 33UF 20% 40V SMD
A750EQ477M1CAAE015,1,4.71,KEMET,CAP ALUM POLY 470UF 20% 16V TH
A768KE336M1HLAE042,1,5.71,KEMET,CAP ALUM POLY 33UF 20% 50V SMD
A768KE226M1JLAE054,1,5.87,KEMET,CAP ALUM POLY 22UF 20% 63V SMD
A768KE227M1DLAE029,1,5.87,KEMET,CAP ALUM POLY 220UF 20% 20V SMD
A768KE227M1DLAS029,1,6.04,KEMET,CAP ALUM POLY 220UF 20% 20V SMD
A758KK227M1AAAE014,1,6.12,KEMET,CAP ALUM POLY 220UF 20% 10V TH
A759KR187M1VAAE024,1,6.45,KEMET,CAP ALUM POLY 180UF 20% 35V TH
A765MN687M1ALAE013,1,7.11,KEMET,CAP ALUM POLY 680UF 20% 10V SMD
A769KE107M1VLAS031,1,7.11,KEMET,CAP ALUM POLY 100UF 20% 35V SMD
A768KS826M1HLAS020,1,7.69,KEMET,CAP ALUM POLY 82UF 20% 50V SMD
A758MU477M1CAAE010,1,7.77,KEMET,CAP ALUM POLY 470UF 20% 16V TH
A785KN476M1JLAS045,1,8.02,KEMET,CAP ALUM HYBRID 47UF 20% 63V SMD
A770KS566M1JLAS031,1,8.27,KEMET,CAP ALUM POLY 56UF 20% 63V SMD
A768MS227M1GLAE022,1,8.68,KEMET,CAP ALUM POLY 220UF 20% 40V SMD
A768MS337M1VLAE022,1,9.43,KEMET,CAP ALUM POLY 330UF 20% 35V SMD
A759KS476M1JAAE068,1,14.31,KEMET,CAP ALUM POLY 47UF 20% 63V TH
A785MW157M1JLAS013,1,15.79,KEMET,CAP ALUM HYB 150UF 20% 63V SMD
A700V106M12RATE040,1,20.09,KEMET,CAP ALUM POLY 10UF 20% 12.5V SMD
A758BG227M0GAAE020,1,4.13,KEMET,CAP ALUM POLY 220UF 20% 4V TH
A768EB826M1ELAS036,1,4.3,KEMET,CAP ALUM POLY 82UF 20% 25V SMD
A750KK827M0JAAE016,1,4.96,KEMET,CAP ALUM POLY 820UF 20% 6.3V TH
A758EK157M1AAAE016,1,5.13,KEMET,CAP ALUM POLY 150UF 20% 10V TH
A750KK337M1CAAE014,1,5.62,KEMET,CAP ALUM POLY 330UF 20% 16V TH
A759KS227M1CAAE015,1,6.12,KEMET,CAP ALUM POLY 220UF 20% 16V TH
A759KS337M1CAAE015,1,6.37,KEMET,CAP ALUM POLY 330UF 20% 16V TH
A758KK827M0GAAE015,1,6.7,KEMET,CAP ALUM POLY 820UF 20% 4V TH
A758KK827M0JAAE013,1,7.19,KEMET,CAP ALUM POLY 820UF 20% 6.3V TH
A758KK187M1CAAE014,1,7.28,KEMET,CAP ALUM POLY 180UF 20% 16V TH
A759MU277M1VAAE022,1,7.94,KEMET,CAP ALUM POLY 270UF 20% 35V TH
A765EG157M1CLAE027,1,8.1,KEMET,CAP ALUM POLY 150UF 20% 16V SMD
A766KS277M1CLAE014,1,8.27,KEMET,CAP ALUM POLY 270UF 20% 16V SMD
A780KS566M1JLAS040,1,10.25,KEMET,CAP ALUM HYBRID 56UF 20% 63V SMD
A767KN226M1HLAE050,1,17.28,KEMET,CAP ALUM POLY 22UF 20% 50V SMD
A750BG277M0JAAE020,1,3.8,KEMET,CAP ALUM POLY 270UF 20% 6.3V TH
A750EK567M0GAAE018,1,3.8,KEMET,CAP ALUM POLY 560UF 20% 4V TH
A758BG187M0JAAE018,1,3.89,KEMET,CAP ALUM POLY 180UF 20% 6.3V TH
A758BG277M0GAAE020,1,3.97,KEMET,CAP ALUM POLY 270UF 20% 4V TH
A755BQ227M0JAAE018,1,4.3,KEMET,CAP ALUM POLY 220UF 20% 6.3V TH
A750BM397M0JAAE020,1,4.38,KEMET,CAP ALUM POLY 390UF 20% 6.3V TH
A758EK277M0JAAE018,1,4.47,KEMET,CAP ALUM POLY 270UF 20% 6.3V TH
A758EK337M0EAAE018,1,4.55,KEMET,CAP ALUM POLY 330UF 20% 2.5V TH
A758EK337M0GAAE018,1,4.63,KEMET,CAP ALUM POLY 330UF 20% 4V TH
A750KS687M1AAAE014,1,5.87,KEMET,CAP ALUM POLY 680UF 20% 10V TH
A759KS108M0JAAE013,1,6.04,KEMET,CAP ALUM POLY 1000UF 20% 6.3V TH
A758KK687M0EAAE016,1,6.53,KEMET,CAP ALUM POLY 680UF 20% 2.5V TH
A758KK827M0EAAE015,1,6.7,KEMET,CAP ALUM POLY 820UF 20% 2.5V TH
A765KN397M0JLAE030,1,6.78,KEMET,CAP ALUM POLY 390UF 20% 6.3V SMD
A750KS567M1CAAE013,1,6.86,KEMET,CAP ALUM POLY 560UF 20% 16V TH
A755KS827M0EAAE014,1,7.36,KEMET,CAP ALUM POLY 820UF 20% 2.5V TH
A755KS567M1AAAE015,1,7.44,KEMET,CAP ALUM POLY 560UF 20% 10V TH
A765KN187M1ALAE020,1,7.61,KEMET,CAP ALUM POLY 180UF 20% 10V SMD
A765KN687M0GLAE012,1,8.1,KEMET,CAP ALUM POLY 680UF 20% 4V SMD
A798V477M002APE003,1,20.59,KEMET,CAP ALUM POLY 470UF 20% 2V SMD
A785KN686M1HLAS040,1,8.02,KEMET,CAP ALUM HYBRID 68UF 20% 50V SMD
A783MN826M1JLAS025,1,9.76,KEMET,CAP ALU HYBRID 125C 63V 82UF
A783MW187M1JLAS015,1,14.06,KEMET,CAP ALU HYBRID 125C 63V 180UF
A787MN567M1ELAV020,1,15.22,KEMET,CAP ALU HYBRID POLYMER 560F 25V
A700V337M002ATE4R5,1,15.38,KEMET,CAP ALUM POLY 330UF 20% 2V SMD
A783MS127M1JLAV019,1,15.46,KEMET,CAP ALU HYBRD 125C 63V 120UF VIB
A700V477M2R5ATE006,1,17.78,KEMET,CAP ALUM POLY 470UF 20% 2.5V SMD
A700V477M2R5ATE4R5,1,18.03,KEMET,CAP ALUM POLY 470UF 20% 2.5V SMD
A700V227M004PTE012,1,20.01,KEMET,CAP ALUM POLY 220UF 4V SMD
A798V157M006PTE015,1,21.58,KEMET,CAP ALUM POLY 150UF 6.3V SMD
A755KS128M0GAAE014,5000,2.23618,KEMET,CAP ALUM POLY 1200UF 20% 4V TH
A765KN827M0ELAE012,1,7.19,KEMET,CAP ALUM POLY 820UF 20% 2.5V SMD
A700V336M010ATE028,1,20.09,KEMET,CAP ALUM POLY 33UF 20% 10V SMD
A759MS186M2CAAE090,1,21.67,KEMET,CAP ALUM POLY 18UF 20% 160V TH
A759KS476M1KAAE045,1,21.91,KEMET,CAP ALUM POLY 47UF 20% 80V TH
A720V107M016APE010,1,30.1,KEMET,CAP ALUM POLY 100UF 20% 16V SMD
A700X107M12RATE015,1,38.62,KEMET,CAP ALUM POLY 100UF 20% 12.5V
A759PY337M1JAAE042,1,44.32,KEMET,CAP ALUM POLY 330UF 20% 63V TH
A750BK107M1AAAE024,1,3.39,KEMET,CAP ALUM POLY 100UF 20% 10V TH
A750EK687M0JAAE008,1,4.13,KEMET,CAP ALUM POLY 680UF 20% 6.3V TH
A759EA106M1JAAE060,1,4.13,KEMET,CAP ALUM POLY 10UF 20% 63V TH
EA750EK107M1CAA,1,4.22,KEMET,CAP ALUM POLY 100UF 20% 16V TH
A768EB476M1ELAE042,1,4.22,KEMET,CAP ALUM POLY 47UF 20% 25V SMD
A768EB476M1VLAE042,1,4.3,KEMET,CAP ALUM POLY 47UF 20% 35V SMD
A768EB476M1ELAS042,1,4.3,KEMET,CAP ALUM POLY 47UF 20% 25V SMD
A768EB107M1ELAE036,1,4.3,KEMET,CAP ALUM POLY 100UF 20% 25V SMD
A768EB127M1DLAE034,1,4.38,KEMET,CAP ALUM POLY 120UF 20% 20V SMD
A768EB566M1VLAE042,1,4.38,KEMET,CAP ALUM POLY 56UF 20% 35V SMD
A750EK476M1EAAE040,1,4.47,KEMET,CAP ALUM POLY 47UF 20% 25V TH
A768EB566M1VLAS042,1,4.47,KEMET,CAP ALUM POLY 56UF 20% 35V SMD
A750KK107M1EAAE040,1,4.88,KEMET,CAP ALUM POLY 100UF 20% 25V TH
A766KE127M1CLAE027,1,5.54,KEMET,CAP ALUM POLY 120UF 20% 16V SMD
A768KE107M1VLAE036,1,5.87,KEMET,CAP ALUM POLY 100UF 20% 35V SMD
A768KE187M1ELAS029,1,5.95,KEMET,CAP ALUM POLY 180UF 20% 25V SMD
A768KE107M1VLAS036,1,6.04,KEMET,CAP ALUM POLY 100UF 20% 35V SMD
A768KE826M1GLAS038,1,6.04,KEMET,CAP ALUM POLY 82UF 20% 40V SMD
A767EB226M1VLAE050,1,6.2,KEMET,CAP ALUM POLY 22UF 20% 35V SMD
A750KS477M1CAAE013,1,6.53,KEMET,CAP ALUM POLY 470UF 20% 16V TH
A768KS337M1ELAS019,1,7.36,KEMET,CAP ALUM POLY 330UF 20% 25V SMD
A750KS337M1EAAE018,1,7.77,KEMET,CAP ALUM POLY 330UF 20% 25V TH
A765MU158M1ALAE014,1,8.19,KEMET,CAP ALUM POLY 1500UF 20% 10V SMD
A759MU337M1VAAE022,1,8.27,KEMET,CAP ALUM POLY 330UF 20% 35V TH
A780KN686M1HLAS035,1,8.77,KEMET,CAP ALUM HYBRID 68UF 20% 50V SMD
A768MS277M1GLAE022,1,9.01,KEMET,CAP ALUM POLY 270UF 20% 40V SMD
A768MS108M1CLAE015,1,9.1,KEMET,CAP ALUM POLY 1000UF 20% 16V SMD
A750KW337M1VAAE020,1,9.1,KEMET,CAP ALUM POLY 330UF 20% 35V TH
A759MS228M0JAAE013,1,9.26,KEMET,CAP ALUM POLY 2200UF 20% 6.3V TH
A768MS107M1JLAE027,1,9.34,KEMET,CAP ALUM POLY 100UF 20% 63V SMD
A768MS566M1KLAE034,1,9.43,KEMET,CAP ALUM POLY 56UF 20% 80V SMD
A768MS108M1CLAS015,1,9.43,KEMET,CAP ALUM POLY 1000UF 20% 16V SMD
A771KS397M1ELAS012,1,9.51,KEMET,CAP ALUM POLY 390UF 20% 25V SMD
A750MV227M1HAAE020,1,10.5,KEMET,CAP ALUM POLY 220UF 20% 50V TH
A750MV277M1HAAE018,1,11,KEMET,CAP ALUM POLY 270UF 20% 50V TH
A771MS337M1VLAS014,1,11.33,KEMET,CAP ALUM POLY 330UF 20% 35V SMD
A750MW567M1VAAE018,1,11.74,KEMET,CAP ALUM POLY 560UF 20% 35V TH
A771MS107M1JLAS018,1,12.07,KEMET,CAP ALUM POLY 100UF 20% 63V SMD
A750MW337M1HAAE020,1,12.57,KEMET,CAP ALUM POLY 330UF 20% 50V TH
A759KS336M1KAAE055,1,15.46,KEMET,CAP ALUM POLY 33UF 20% 80V TH
A785MW187M1JLAS013,1,15.79,KEMET,CAP ALUM HYB 180UF 20% 63V SMD
A784MW567M1VLAS013,1,16.54,KEMET,CAP ALUM HYB 560UF 20% 35V SMD
A759MS157M1VAAE030,1,19.1,KEMET,CAP ALUM POLY 150UF 20% 35V TH
A759MS566M1KAAE045,1,22.82,KEMET,CAP ALUM POLY 56UF 20% 80V TH
A767KS476M1JLAE036,1,28.36,KEMET,CAP ALUM POLY 47UF 20% 63V SMD
A700D226M016ATE018,1,28.7,KEMET,CAP ALUM POLY 22UF 20% 16V SMD
A700X107M010ATE015,1,29.94,KEMET,CAP ALUM POLY 100UF 20% 10V SMD
A750BK127M1AAAE024,1,3.47,KEMET,CAP ALUM POLY 120UF 20% 10V TH
A750EM477M1AAAE012,1,4.13,KEMET,CAP ALUM POLY 470UF 20% 10V TH
A768EB826M1ELAE036,1,4.22,KEMET,CAP ALUM POLY 82UF 20% 25V SMD
A780KN277M1ELAS030,1,8.6,KEMET,CAP ALUM HYB 270UF 20% 25V SMD
A768KS336M1KLAE038,1,9.1,KEMET,CAP ALUM POLY 33UF 20% 80V SMD
A750MV187M1HAAE022,1,9.92,KEMET,CAP ALUM POLY 180UF 20% 50V TH
A765MU477M1CLAE016,1,11.74,KEMET,CAP ALUM POLY 470UF 20% 16V SMD
A700V476M006ATE025,1,12.32,KEMET,CAP ALUM POLY 47UF 20% 6.3V SMD
A755MS277M1EAAE015,1,12.49,KEMET,CAP ALUM POLY 270UF 20% 25V TH
A784MS107M1JLAS028,1,13.07,KEMET,CAP ALUM HYB 100UF 20% 63V SMD
A765MU108M1CLAE018,1,16.37,KEMET,CAP ALUM POLY 1000UF 20% 16V SMD
A767KS106M2ALAE045,1,18.52,KEMET,CAP ALUM POLY 10UF 20% 100V SMD
EA750EK567M0EAA,1,4.05,KEMET,CAP ALUM POLY 560UF 20% 2.5V TH
A758EK337M0JAAE016,1,4.88,KEMET,CAP ALUM POLY 330UF 20% 6.3V TH
A750KK108M0EAAE012,1,5.13,KEMET,CAP ALUM POLY 1000UF 20% 2.5V TH
A758EK397M0EAAE018,1,5.21,KEMET,CAP ALUM POLY 390UF 20% 2.5V TH
A758EK477M0EAAE018,1,5.21,KEMET,CAP ALUM POLY 470UF 20% 2.5V TH
A765EB397M0ELAE020,1,5.54,KEMET,CAP ALUM POLY 390UF 20% 2.5V SMD
A768KE187M1DLAS029,1,5.95,KEMET,CAP ALUM POLY 180UF 20% 20V SMD
A758KK128M0EAAE014,1,6.95,KEMET,CAP ALUM POLY 1200UF 20% 2.5V TH
A755KS567M0GAAE014,1,7.28,KEMET,CAP ALUM POLY 560UF 20% 4V TH
A755KS687M0JAAE014,1,7.61,KEMET,CAP ALUM POLY 680UF 20% 6.3V TH
A750MS827M1CAAE013,1,8.35,KEMET,CAP ALUM POLY 820UF 20% 16V TH
A765KN827M0JLAE010,1,8.43,KEMET,CAP ALUM POLY 820UF 20% 6.3V SMD
A765KN108M0GLAE012,1,9.43,KEMET,CAP ALUM POLY 1000UF 20% 4V SMD
A700D227M002ATE018,500,11.57856,KEMET,CAP ALUM POLY 220UF 20% 2V SMD
A755MS567M1CAAE013,1,11.74,KEMET,CAP ALUM POLY 560UF 20% 16V TH
A765MU158M0JLAE010,1,11.91,KEMET,CAP ALUM POLY 1500UF 20% 6.3V
A765MU187M1ELAE050,1,15.13,KEMET,CAP ALUM POLY 180UF 20% 25V SMD
A700V337M002ATE006,1,15.55,KEMET,CAP ALUM POLY 330UF 20% 2V SMD
A765MU277M1ELAE050,1,16.54,KEMET,CAP ALUM POLY 270UF 20% 25V SMD
PHH227MKP3780ME4,1,96.67,KEMET,CAP ALUM HYBRID 780UF 20% 63V TH
A787KN227M1VLAS027,1,8.6,KEMET,CAP ALU HYBRID POLYMER 220F 35V
A782MN686M1JLAS035,1,9.84,KEMET,CAP ALUM HYBRID 68UF 20% 63V SMD
A786MN826M1JLAS018,1,10.69,KEMET,CAP ALU HYBRID 135C 63V 82F
A785MN826M1JLAS030,1,10.42,KEMET,CAP ALUM HYBRID 82UF 20% 63V SMD
A786MS157M1HLAS014,1,11.29,KEMET,CAP ALU HYBRID 135C 50V 150F
A765MU687M1ALAE013,1,11.16,KEMET,CAP ALUM POLY 680UF 20% 10V SMD
A786MS107M1JLAS015,1,11.55,KEMET,CAP ALU HYBRID 135C 63V 100F
A783MS687M1ELAS014,1,11.49,KEMET,CAP ALU HYBRID 125C 25V 680F
A786MW227M1HLAS011,1,12.49,KEMET,CAP ALU HYBRID 135C 50V 220F
A786MW157M1JLAS011,1,12.58,KEMET,CAP ALU HYBRID 135C 63V 150F
A786MS107M1JLAV015,1,14.2,KEMET,CAP ALU HYBRID 135C 63V 100F
A786MW157M1JLAV011,1,14.97,KEMET,CAP ALU HYBRID 135C 63V 150F
A786MW227M1HLAV011,1,15.23,KEMET,CAP ALU HYBRID 135C 50V 220F
A783MW687M1VLAS011,1,14.8,KEMET,CAP ALU HYBRID 125C 35V 680UF
A783MW108M1ELAS011,1,14.8,KEMET,"CAP ALU HYBRID 125C 25V 1,000UF"
A720V337M002APE003,1,16.54,KEMET,CAP ALUM POLY 330UF 2V SMD
A720V337M2R5APE003,1,17.53,KEMET,CAP ALUM POLY 330UF 2.5V SMD
A720V567M002APE4R5,1,18.28,KEMET,CAP ALUM POLY 560UF 20% 2V SMD
A700V157M006PTE015,1,19.43,KEMET,CAP ALUM POLY 150UF 6.3V SMD
A700V337M002RTE009,1,27.64,KEMET,CAP ALUM POLY 330UF 20% 2V SMD
A798V337M002RTE009,1,27.89,KEMET,CAP ALUM POLY 330UF 20% 2V SMD
A700V477M002RTE009,1,29,KEMET,CAP ALUM POLY 470UF 20% 2V SMD
A700V337M2R5RTE009,1,29,KEMET,CAP ALUM POLY 330UF 20% 2.5V SMD
A798V477M002RTE009,1,29.35,KEMET,CAP ALUM POLY 470UF 20% 2V SMD
A798V337M2R5RTE009,1,29.35,KEMET,CAP ALUM POLY 330UF 20% 2.5V SMD
A700X107M12RATE012,1,40.11,KEMET,CAP ALUM POLY 100UF 20% 12.5V
PHV227HLL4370ME4,1,127.35,KEMET,CAP ALUM HYB 3700UF 20% 25V SMD
PHS227JKP4210ME4,1,134.38,KEMET,CAP ALUM HYB 2100UF 20% 35V SMD
PHV227HKP4360ME4,1,136.53,KEMET,CAP ALUM HYB 3600UF 20% 25V SMD
PHV225MKL3260QE4,1,137.36,KEMET,CAP ALUM POLY 125C 260UF 63VDC
PHV223HKP4360ME4,1,139.59,KEMET,CAP ALUM HYB 3600UF 20% 25V SMD
PHV225MKP3370QE4,1,149.76,KEMET,CAP ALUM POLY 125C 370UF 63VDC
PHS227HLP4520ME4,1,152.16,KEMET,CAP ALUM HYB 5200UF 20% 25V SMD
PHA227MMS4190ME4,1,152.57,KEMET,CAP ALU HYBRID AXIAL 125C 63V 19
PHS223HLP4520ME4,1,155.13,KEMET,CAP ALUM HYB 5200UF 20% 25V SMD
PHS227JLP4320ME4,1,155.38,KEMET,CAP ALUM HYB 3200UF 20% 35V SMD
PHH227MML4100ME4,1,157.04,KEMET,CAP ALU HYBRID RADIAL 125C 63V 1
PHS223JLP4320ME4,1,158.36,KEMET,CAP ALUM HYB 3200UF 20% 35V SMD
PHH223MML4100ME4,1,159.77,KEMET,CAP ALU HYBRID RADIAL 125C 63V 1
PHS225MLP3560QE4,1,167.62,KEMET,CAP ALUM POLY 125C 560UF 63VDC
PHH223HMS4870ME4,1,168.12,KEMET,CAP ALU HYBRID RADIAL 125C 25V 8
A759EA126M1JAAE060,10000,0.58952,KEMET,CAP ALUM POLY 12UF 20% 63V TH
A767EB475M1JLAE080,10000,0.73346,KEMET,CAP ALUM POLY 4.7UF 20% 63V SMD
A767EB186M1VLAE085,10000,0.7417,KEMET,CAP ALUM POLY 18UF 20% 35V SMD
A768EB566M1ELAS040,10000,0.74287,KEMET,CAP ALUM POLY 56UF 20% 25V SMD
A767EB106M1VLAE085,10000,0.74404,KEMET,CAP ALUM POLY 10UF 20% 35V SMD
A750EK227M1ACAE010,10000,0.79679,KEMET,CAP ALUM POLY 220UF 20% 10V TH
A750KK107M1EEAE040,6000,0.93044,KEMET,CAP ALUM RAD POLYMER
A750EK567M0JEAE018,9000,0.99327,KEMET,CAP ALUM POLY 560UF 20% 6.3V TH
A768EB186M1HLAS048,10000,0.9968,KEMET,CAP ALUM POLY 18UF 20% 50V SMD
A768EB226M1HLAS048,10000,1.02653,KEMET,CAP ALUM POLY 22UF 20% 50V SMD
A750KS337M1EBAE018,5000,1.24925,KEMET,CAP ALUM POLY 330UF 20% 25V TH
A765EB106M1VLAE085,20000,1.28652,KEMET,CAP ALUM POLY 10UF 20% 35V SMD
A750KK107M1EDAE040,5000,1.31063,KEMET,CAP ALUM POLY 100UF 20% 25V TH
A765EB186M1VLAE085,20000,1.3348,KEMET,CAP ALUM POLY 18UF 20% 35V SMD
A758EK336M1EEAE040,9000,1.36869,KEMET,CAP ALUM POLY 33UF 20% 25V TH
A787EC107M1ELAS050,6000,1.48568,KEMET,CAP ALU HYBRID POLYMER 100F 25V
A787EC686M1VLAS060,6000,1.49284,KEMET,CAP ALU HYBRID POLYMER 68F 35V
A758MU477M1CBAE010,2500,1.4624,KEMET,CAP ALUM POLY 470UF 20% 16V TH
A768KE336M1HLAS042,6000,1.50605,KEMET,CAP ALUM POLY 33UF 20% 50V SMD
A768KE226M1JLAS054,6000,1.54498,KEMET,CAP ALUM POLY 22UF 20% 63V SMD
A768KE396M1HLAS042,6000,1.54498,KEMET,CAP ALUM POLY 39UF 20% 50V SMD
A759MS228M0JBAE013,2500,1.5707,KEMET,CAP ALUM POLY 2200UF 20% 6.3V TH
A769KE187M1ELAS025,6000,1.58271,KEMET,CAP ALUM POLY 180UF 20% 25V SMD
A768KE276M1JLAS054,6000,1.60095,KEMET,CAP ALUM POLY 27UF 20% 63V SMD
A758KK108M0EAAE015,5000,1.77128,KEMET,CAP ALUM POLY 1000UF 20% 2.5V TH
A758KK187M1CEAE014,6000,1.91669,KEMET,CAP ALUM POLY 180UF 20% 16V TH
A758KK227M1CEAE014,6000,2.03998,KEMET,CAP ALUM POLY 220UF 20% 16V TH
A7C5KN686M1HAAS040,5000,2.15392,KEMET,CAP ALU HYBRID RADL 68UF 50V
A7C5KN476M1JAAS045,5000,2.15392,KEMET,CAP ALU HYBRID RADL 47UF 63V
A755KS687M0EAAE014,5000,2.09199,KEMET,CAP ALUM POLY 680UF 20% 2.5V TH
A768KS477M1CLAS017,2400,2.1014,KEMET,CAP ALUM POLY 470UF 20% 16V SMD
A7C5KN476M1JEAS045,6000,2.17879,KEMET,CAP ALU HYBRID RADL 47UF 63V
A7C5KN686M1HEAS040,6000,2.17879,KEMET,CAP ALU HYBRID RADL 68UF 50V
A7C5KN476M1JBAS045,5000,2.19249,KEMET,CAP ALU HYBRID RADL 47UF 63V
A7C5KN686M1HBAS040,5000,2.19249,KEMET,CAP ALU HYBRID RADL 68UF 50V
A7C5KN127M1VAAS035,5000,2.24729,KEMET,CAP ALU HYBRID RADL 120UF 35V
A7C5KN227M1EAAS029,5000,2.25778,KEMET,CAP ALU HYBRID RADL 220UF 25V
A768KS157M1GLAE025,2400,2.18362,KEMET,CAP ALUM POLY 150UF 20% 40V SMD
A755KS476M1EEAE025,5000,2.19458,KEMET,CAP ALUM POLY 47UF 20% 25V TH
A7C5KN127M1VEAS035,6000,2.27554,KEMET,CAP ALU HYBRID RADL 120UF 35V
A7C5KN227M1EEAS029,6000,2.28588,KEMET,CAP ALU HYBRID RADL 220UF 25V
A7C5KN127M1VBAS035,5000,2.2892,KEMET,CAP ALU HYBRID RADL 120UF 35V
A7C5KN227M1EBAS029,5000,2.29851,KEMET,CAP ALU HYBRID RADL 220UF 25V
A768KS107M1HLAS030,2400,2.25959,KEMET,CAP ALUM POLY 100UF 20% 50V SMD
A769KS187M1VLAS016,2400,2.29867,KEMET,CAP ALUM POLY 180UF 20% 35V SMD
A769KS157M1GLAS016,2400,2.30814,KEMET,CAP ALUM POLY 150UF 20% 40V SMD
A768KS227M1VLAS024,2400,2.3436,KEMET,CAP ALUM POLY 220UF 20% 35V SMD
A771KS157M1GLAS016,2400,2.34953,KEMET,CAP ALUM POLY 150UF 20% 40V SMD
A7C5KS826M1HAAS036,5000,2.4412,KEMET,CAP ALU HYBRID RADL 82UF 50V
A7C5KS826M1HEAS036,6000,2.47265,KEMET,CAP ALU HYBRID RADL 82UF 50V
A765KN128M0ELAE0122,3000,2.39029,KEMET,CAP ALUM POLY 1200UF 20% 2.5V
A7C5KS686M1JAAS040,5000,2.47936,KEMET,CAP ALU HYBRID RADL 68UF 63V
A768KS567M1CLAS017,2400,2.39907,KEMET,CAP ALUM POLY 560UF 20% 16V SMD
A7C5KS826M1HBAS036,5000,2.48515,KEMET,CAP ALU HYBRID RADL 82UF 50V
A768KS397M1DLAS017,2400,2.40376,KEMET,CAP ALUM POLY 390UF 20% 20V SMD
A750MV277M1HBAE018,2500,2.40413,KEMET,CAP ALUM POLY 270UF 20% 50V TH
A7C5KS686M1JEAS040,6000,2.51034,KEMET,CAP ALU HYBRID RADL 68UF 63V
A7C5KS686M1JBAS040,5000,2.52325,KEMET,CAP ALU HYBRID RADL 68UF 63V
A755KS107M1DCAE020,2500,2.46043,KEMET,CAP ALUM POLY 100UF 20% 20V TH
A768KS397M1ELAS019,2400,2.46499,KEMET,CAP ALUM POLY 390UF 20% 25V SMD
A768KS566M1JLAS031,2400,2.49434,KEMET,CAP ALUM POLY 56UF 20% 63V SMD
A7C5KS187M1VAAS032,5000,2.61316,KEMET,CAP ALU HYBRID RADL 180UF 35V
A771KS826M1HLAS013,2400,2.5319,KEMET,CAP ALUM POLY 82UF 20% 50V SMD
A7C5KS187M1VEAS032,6000,2.64701,KEMET,CAP ALU HYBRID RADL 180UF 35V
A7C5KS337M1EAAS027,5000,2.65804,KEMET,CAP ALU HYBRID RADL 330UF 25V
A7C5KS187M1VBAS032,5000,2.66148,KEMET,CAP ALU HYBRID RADL 180UF 35V
A7C5KS337M1EEAS027,6000,2.69247,KEMET,CAP ALU HYBRID RADL 330UF 25V
A768MS826M1JLAE027,2400,2.61153,KEMET,CAP ALUM POLY 82UF 20% 63V SMD
A7C5KS337M1EBAS027,5000,2.70513,KEMET,CAP ALU HYBRID RADL 330UF 25V
A768MS826M1JLAS027,2400,2.7282,KEMET,CAP ALUM POLY 82UF 20% 63V SMD
A7C5MN127M1HAAS028,4000,2.82356,KEMET,CAP ALU HYBRID RADL 120UF 50V
F862BP184K310R,1760,2.74217,KEMET,CAP ALUM POLY 100UF 20% 6.3V SMD
A7C5MN826M1JAAS030,4000,2.84677,KEMET,CAP ALU HYBRID RADL 82UF 63V
A7C5MN127M1HBAS028,4000,2.87461,KEMET,CAP ALU HYBRID RADL 120UF 50V
A768MS476M1KLAS034,2400,2.78519,KEMET,CAP ALUM POLY 47UF 20% 80V SMD
A768MS127M1HLAS024,2400,2.78867,KEMET,CAP ALUM POLY 120UF 20% 50V SMD
A7C5MN826M1JBAS030,4000,2.89778,KEMET,CAP ALU HYBRID RADL 82UF 63V
A768KS826M1HLAE020,2400,2.81888,KEMET,CAP ALUM POLY 82UF 20% 50V SMD
A7C5MN127M1HEAS028,3600,2.92508,KEMET,CAP ALU HYBRID RADL 120UF 50V
A768KS476M1JLAS031,2400,2.83163,KEMET,CAP ALUM POLY 47UF 20% 63V SMD
A769MS227M1GLAS014,2400,2.83163,KEMET,CAP ALUM POLY 220UF 20% 40V SMD
A7C5MN826M1JEAS030,3600,2.94839,KEMET,CAP ALU HYBRID RADL 82UF 63V
A768MS157M1HLAS024,2400,2.8653,KEMET,CAP ALUM POLY 150UF 20% 50V SMD
A771MS227M1GLAS014,2400,2.8838,KEMET,CAP ALUM POLY 220UF 20% 40V SMD
A7C5MN397M1EAAS020,4000,2.99268,KEMET,CAP ALU HYBRID RADL 390UF 25V
A759MS827M1CAAE014,2500,2.89421,KEMET,CAP ALUM POLY 820UF 20% 16V TH
A7C5MN227M1VAAS023,4000,2.99846,KEMET,CAP ALU HYBRID RADL 220UF 35V
A7C5MN397M1EBAS020,4000,3.04695,KEMET,CAP ALU HYBRID RADL 390UF 25V
A7C5MN227M1VBAS023,4000,3.0539,KEMET,CAP ALU HYBRID RADL 220UF 35V
A7C5MN477M1EAAS020,4000,3.07811,KEMET,CAP ALU HYBRID RADL 470UF 25V
A768MS107M1JLAS027,2400,2.97752,KEMET,CAP ALUM POLY 100UF 20% 63V SMD
A7C5MN397M1EEAS020,3600,3.10076,KEMET,CAP ALU HYBRID RADL 390UF 25V
A768MS107M1HLAS024,2400,2.9983,KEMET,CAP ALUM POLY 100UF 20% 50V SMD
A7C5MN227M1VEAS023,3600,3.10656,KEMET,CAP ALU HYBRID RADL 220UF 35V
A759KS827M1CAAE011,5000,3.01403,KEMET,CAP ALUM POLY 820UF 20% 16V TH
A7C5MN477M1EBAS020,4000,3.13343,KEMET,CAP ALU HYBRID RADL 470UF 25V
A769MS477M1ELAS011,2400,3.04908,KEMET,CAP ALUM POLY 470UF 20% 25V SMD
A7C5MN477M1EEAS020,3600,3.18886,KEMET,CAP ALU HYBRID RADL 470UF 25V
A7C5MN567M1EAAS020,4000,3.19326,KEMET,CAP ALU HYBRID RADL 560UF 25V
A7C5MN567M1EBAS020,4000,3.25186,KEMET,CAP ALU HYBRID RADL 560UF 25V
A7C5MN567M1EEAS020,3600,3.30911,KEMET,CAP ALU HYBRID RADL 560UF 25V
A7C5MS157M1HEAS026,3600,3.31717,KEMET,CAP ALU HYBRID RADL 150UF 50V
A7C5MS157M1HAAS026,2500,3.32973,KEMET,CAP ALU HYBRID RADL 150UF 50V
F862BY474K310ZV054V115,1530,3.24233,KEMET,CAP ALUM HYBRID 100UF 20% 50V SM
A7C5MS127M1JEAS028,3600,3.37141,KEMET,CAP ALU HYBRID RADL 120UF 63V
A7C5MS127M1JAAS028,2500,3.38414,KEMET,CAP ALU HYBRID RADL 120UF 63V
A7C5MS157M1HBAS026,2500,3.38887,KEMET,CAP ALU HYBRID RADL 150UF 50V
A787MN567M1ELAS020,3000,3.40391,KEMET,CAP ALU HYBRID POLYMER 560F 25V
A787MN397M1VLAS020,3000,3.42838,KEMET,CAP ALU HYBRID POLYMER 390F 35V
A700V476M006ATE0287280,3000,3.32377,KEMET,CAP ALUM POLY 47UF 20% 6.3V SMD
A7C5MS127M1JBAS028,2500,3.44438,KEMET,CAP ALU HYBRID RADL 120UF 63V
A7C5MS277M1VEAS020,3600,3.54171,KEMET,CAP ALU HYBRID RADL 270UF 35V
A7C5MS277M1VAAS020,2500,3.55163,KEMET,CAP ALU HYBRID RADL 270UF 35V
F862DO474K310ZV054V122,1188,3.47909,KEMET,CAP ALUM HYBRID 68UF 20% 25V SMD
A7C5MS277M1VBAS020,2500,3.61512,KEMET,CAP ALU HYBRID RADL 270UF 35V
A7C5MS567M1EEAS017,3600,3.64153,KEMET,CAP ALU HYBRID RADL 560UF 25V
A7C5MS567M1EAAS017,2500,3.65156,KEMET,CAP ALU HYBRID RADL 560UF 25V
A7C5MS567M1EBAS017,2500,3.71844,KEMET,CAP ALU HYBRID RADL 560UF 25V
A780MS277M1VLAS022,2400,3.66757,KEMET,CAP ALUM HYB 270UF 20% 35V SMD
A700V476M006AT6006,1000,3.6718,KEMET,CAP ALUM POLY 47UF 20% 6.3V SMD
A700V476M006ATE0257280,3000,3.88328,KEMET,CAP ALUM POLY 47UF 20% 6.3V SMD
A765KN397M1ALAE017,3000,3.97774,KEMET,CAP ALUM POLY 390UF 20% 10V SMD
A765EB277M0GLAE015,1,4.05,KEMET,CAP ALUM POLY 270UF 20% 4V SMD
A7C5MW187M1JEAS013,3600,4.41277,KEMET,CAP ALU HYBRID RADL 180UF 63V
A7C5MW157M1JEAS013,3600,4.41277,KEMET,CAP ALU HYBRID RADL 150UF 63V
A7C5MW157M1JAAS013,2500,4.41796,KEMET,CAP ALU HYBRID RADL 150UF 63V
A700V476M006ATE0282478,1000,4.27456,KEMET,CAP ALUM POLY 47UF 20% 6.3V SMD
A7C5MW227M1HEAS015,3600,4.4478,KEMET,CAP ALU HYBRID RADL 220UF 50V
A766KE277M0GLAE022,6000,1.16406,KEMET,CAP ALUM POLY 270UF 20% 4V SMD
A7C5MW227M1HAAS015,2500,4.4515,KEMET,CAP ALU HYBRID RADL 220UF 50V
A759KS395M2EAAE500,10000,4.33465,KEMET,CAP ALUM POLY 3.9UF 20% 250V TH
A755MS337M1EEAE015,3600,4.34146,KEMET,CAP ALUM POLY 330UF 20% 25V TH
A7C5MW157M1JBAS013,2500,4.4977,KEMET,CAP ALU HYBRID RADL 150UF 63V
A7C5MW187M1JBAS013,2500,4.4977,KEMET,CAP ALU HYBRID RADL 180UF 63V
A7C5MW227M1HBAS015,2500,4.53343,KEMET,CAP ALU HYBRID RADL 220UF 50V
A759KK336M1JAAE036,1,4.47,KEMET,CAP ALUM POLY 33UF 20% 63V TH
A700V476M010ATE028,1000,4.55845,KEMET,CAP ALUM POLY 47UF 20% 10V SMD
A700V476M010ATE015,1000,4.55845,KEMET,CAP ALUM POLY 47UF 20% 10V SMD
A700V476M010ATE020,1000,4.55845,KEMET,CAP ALUM POLY 47UF 20% 10V SMD
A782MN157M1VLAV025,3000,4.57734,KEMET,CAP ALUM HYB 150UF 20% 35V SMD
A768MS687M1DLAV015,2400,4.59017,KEMET,CAP ALUM POLY 680UF 20% 20V SMD
A782MN307M1ELAV025,3000,4.61245,KEMET,CAP ALUM HYB 300UF 20% 25V SMD
A782MN107M1HLAV030,3000,4.64432,KEMET,CAP ALUM HYB 100UF 20% 50V SMD
A759MS158M1CAAE011,10000,4.64915,KEMET,CAP ALUM POLY 1500UF 20% 16V TH
A782MN686M1JLAV035,3000,4.65854,KEMET,CAP ALUM HYBRID 68UF 20% 63V SMD
P295BE102M500CL29D,4000,4.69056,KEMET,CAP ALUM POLY 68UF 20% 4V SMD
P295BE102M500CL30D,4000,4.69056,KEMET,CAP ALUM POLY 22UF 20% 20V SMD
A7C5MW477M1VEAS015,3600,4.87987,KEMET,CAP ALU HYBRID RADL 470UF 35V
A7C5MW477M1VAAS015,2500,4.88316,KEMET,CAP ALU HYBRID RADL 470UF 35V
A7C5MW827M1EEAS015,3600,4.90794,KEMET,CAP ALU HYBRID RADL 820UF 25V
A7C5MW827M1EAAS015,2500,4.90838,KEMET,CAP ALU HYBRID RADL 820UF 25V
A7C5MW477M1VBAS015,2500,4.97029,KEMET,CAP ALU HYBRID RADL 470UF 35V
A7C5MW827M1EBAS015,2500,4.99778,KEMET,CAP ALU HYBRID RADL 820UF 25V
A700V686M006ATE015,1000,4.8311,KEMET,CAP ALUM POLY 68UF 20% 6.3V SMD
A700V686M006ATE0257280,3000,4.94974,KEMET,CAP ALUM POLY 68UF 20% 6.3V SMD
A759MS477M1EAAE022,2500,5.06468,KEMET,CAP ALUM POLY 470UF 20% 25V TH
A782MS227M1VLAV020,2400,5.10825,KEMET,CAP ALUM HYB 220UF 20% 35V SMD
A700V476M010ATE025,1000,5.14931,KEMET,CAP ALUM POLY 47UF 20% 10V SMD
A782MS157M1HLAV028,2400,5.21093,KEMET,CAP ALUM HYB 150UF 20% 50V SMD
P295BE471M500CL29D,4000,5.29944,KEMET,CAP ALUM POLY 470UF 20% 2V SMD
A700V337M002ATE015,1000,5.36043,KEMET,CAP ALUM POLY 330UF 20% 2V SMD
A700V686M006ATE025,1000,5.41889,KEMET,CAP ALUM POLY 68UF 20% 6.3V SMD
A769MS277M1GLAV014,2400,5.50598,KEMET,CAP ALUM POLY 270UF 20% 40V SMD
A700V337M2R5ATE0067280,3000,5.51542,KEMET,CAP ALUM POLY 330UF 20% 2.5V SMD
A769MS157M1HLAV016,2400,5.64866,KEMET,CAP ALUM POLY 150UF 20% 50V SMD
F862DU105K310ZV054V215,900,5.6688,KEMET,CAP ALUM POLY 82UF 20% 2.5V SMD
P295BL332M500CL29K,2400,5.7062,KEMET,CAP ALUM POLY 220UF 20% 6.3V SMD
P295BL332M500CL30C,2400,5.7062,KEMET,CAP ALUM POLY 270UF 20% 2.5V SMD
A700V476M010ATE018,1000,5.73379,KEMET,CAP ALUM POLY 47UF 20% 10V SMD
A759MW108M1CAAE014,10000,5.78404,KEMET,CAP ALUM POLY 1000UF 20% 16V TH
A765EG277M0JLAE020,1,5.79,KEMET,CAP ALUM POLY 270UF 20% 6.3V SMD
A700V226M010ATE0287280,3000,5.83994,KEMET,CAP ALUM POLY 22UF 20% 10V SMD
A700V157M004ATE016,1000,5.85006,KEMET,CAP ALUM POLY 150UF 20% 4V SMD
A700V337M2R5ATE010,1000,5.85006,KEMET,CAP ALUM POLY 330UF 20% 2.5V SMD
A765KH567M0GLAE016,1,5.95,KEMET,CAP ALUM POLY 560UF 20% 4V SMD
A700V337M2R5ATE006E009,1000,6.02397,KEMET,CAP ALUM POLY 330UF 20% 2.5V SMD
P295BL332M500ALW0C,1600,6.11376,KEMET,CAP ALUM POLY 330UF 20% 4V SMD
A700V337M002ATE0062478,1000,6.18596,KEMET,CAP ALUM POLY 330UF 20% 2V SMD
A700V477M002AT4343,1000,6.26676,KEMET,CAP ALUM POLY 470UF 20% 2V SMD
A700V477M002AT4146,1000,6.26676,KEMET,CAP ALUM POLY 470UF 20% 2V SMD
A700V686M004ATE028,1000,6.37054,KEMET,CAP ALUM POLY 68UF 20% 4V SMD
A700V226M008ATE045,1000,6.37054,KEMET,CAP ALUM POLY 22UF 20% 8V SMD
A700V127M002ATE028,1000,6.37054,KEMET,CAP ALUM POLY 120UF 20% 2V SMD
A700V226M010ATE045,1000,6.37054,KEMET,CAP ALUM POLY 22UF 20% 10V SMD
A700V226M008ATE040,1000,6.37054,KEMET,CAP ALUM POLY 22UF 20% 8V SMD
A700V226M010ATE040,1000,6.37054,KEMET,CAP ALUM POLY 22UF 20% 10V SMD
A700V127M002ATE0287622,1000,6.37054,KEMET,CAP ALUM POLY 120UF 20% 2V SMD
A700V226M010AT6070,1000,6.37054,KEMET,CAP ALUM POLY 22UF 20% 10V SMD
A700V226M008AT6070,1000,6.37054,KEMET,CAP ALUM POLY 22UF 20% 8V SMD
A700V477M2R5ATE009,1000,6.42818,KEMET,CAP ALUM POLY 470UF 20% 2.5V SMD
A765EN687M0ELAE012,1,6.45,KEMET,CAP ALUM POLY 680UF 20% 2.5V SMD
A720V477M002APE4RE,1000,6.60068,KEMET,CAP ALUM POLY 470UF 20% 20V TH
A720V477M002APE003E4R5,1000,6.60068,KEMET,CAP ALUM POLY 330UF 20% 16V TH
A720V477M2R5AP4343,1000,6.71546,KEMET,CAP ALUM POLY 500UF 20% 7.5V TH
A720V477M2R5APE003E4R5,1000,6.71546,KEMET,CAP ALUM HYBRID 270UF 20% 35V SM
A759MS227M1VAAE030,2500,6.93427,KEMET,CAP ALUM POLY 220UF 20% 35V TH
A700V127M002ATE025,1000,6.9446,KEMET,CAP ALUM POLY 120UF 20% 2V SMD
A700V226M008ATE028,1000,6.9446,KEMET,CAP ALUM POLY 22UF 20% 8V SMD
A700V226M010ATE0282478,1000,6.9446,KEMET,CAP ALUM POLY 22UF 20% 10V SMD
A700V336M010ATE0287280,3000,6.95582,KEMET,CAP ALUM POLY 33UF 20% 10V SMD
A700V826M006ATE0287280,3000,6.95582,KEMET,CAP ALUM POLY 82UF 20% 6.3V SMD
A700V157M004ATE018,1000,7.00175,KEMET,CAP ALUM POLY 150UF 20% 4V SMD
A700V106M12RATE055,1000,7.00175,KEMET,CAP ALUM POLY 10UF 20% 12.5V SMD
A720V687M002APE4R5,1000,7.25604,KEMET,CAP ALUM POLY 680UF 20% 2V SMD
A759MS825M2EBAE458,2500,7.09476,KEMET,CAP ALUM POLY 8.2UF 20% 250V TH
A765KN277M1ALAE020,1,7.11,KEMET,CAP ALUM POLY 270UF 20% 10V SMD
P295BJ222M500ALW0C,1600,7.14444,KEMET,CAP ALUM POLY 180UF 20% 4V SMD
A700X187M006ATE0157280,2000,7.2237,KEMET,CAP ALUM POLY 180UF 20% 6.3V SMD
A700D127M006ATE0187280,2000,7.2237,KEMET,CAP ALUM POLY 120UF 20% 6.3V SMD
A700V156M12RATE040,1000,7.22998,KEMET,CAP ALUM POLY 15UF 20% 12.5V SMD
A700V227M004PTE015,1000,7.52751,KEMET,CAP ALUM POLY 220UF 4V SMD
A700V157M004ATE015,1000,7.45764,KEMET,CAP ALUM POLY 150UF 20% 4V SMD
A700D127M006AT,500,7.45788,KEMET,CAP ALUM POLY 120UF 20% 6.3V SMD
A700V336M008ATE0257280,3000,7.48796,KEMET,CAP ALUM POLY 33UF 20% 8V SMD
A700V227M002ATE015,1000,7.51445,KEMET,CAP ALUM POLY 220UF 20% 2V SMD
A700V227M002ATE018,1000,7.51445,KEMET,CAP ALUM POLY 220UF 20% 2V SMD
A700V127M002ATE018,1000,7.51445,KEMET,CAP ALUM POLY 120UF 20% 2V SMD
A700V157M002ATE028,1000,7.55985,KEMET,CAP ALUM POLY 150UF 20% 2V SMD
A700V826M2R5ATE028,1000,8.21438,KEMET,CAP ALUM POLY 82UF 20% 2.5V SMD
A700V226M006ATE045,1000,7.55985,KEMET,CAP ALUM POLY 22UF 20% 6.3V SMD
A700V826M006ATE028,1000,7.55985,KEMET,CAP ALUM POLY 82UF 20% 6.3V SMD
A700V336M006AT6006,1000,7.55985,KEMET,CAP ALUM POLY 33UF 20% 6.3V SMD
A700V336M010AT6070,1000,7.55985,KEMET,CAP ALUM POLY 33UF 20% 10V SMD
A700V336M008AT6006,1000,7.55985,KEMET,CAP ALUM POLY 33UF 20% 8V SMD
A700V826M006ATE0187280,3000,8.01776,KEMET,CAP ALUM POLY 82UF 20% 6.3V SMD
A700V226M12RATE028,1000,8.02418,KEMET,CAP ALUM POLY 22UF 20% 12.5V SMD
A700X187M2R5ATE018,500,8.05528,KEMET,CAP ALUM POLY 180UF 20% 2.5V SMD
A700X187M2R5ATE015,500,8.05528,KEMET,CAP ALUM POLY 180UF 20% 2.5V SMD
A700V227M006PTE015,1000,8.34888,KEMET,CAP ALUM POLY 220UF 6.3V SMD
A700D127M006ATE018,500,8.11482,KEMET,CAP ALUM POLY 120UF 20% 6.3V SMD
A700V336M008ATE0282478,1000,8.1259,KEMET,CAP ALUM POLY 33UF 20% 8V SMD
A700V336M010ATE025,1000,8.1259,KEMET,CAP ALUM POLY 33UF 20% 10V SMD
A700V826M004ATE025,1000,8.1259,KEMET,CAP ALUM POLY 82UF 20% 4V SMD
A700V826M2R5ATE025,1000,8.1259,KEMET,CAP ALUM POLY 82UF 20% 2.5V SMD
A700V566M006ATE025,1000,8.1259,KEMET,CAP ALUM POLY 56UF 20% 6.3V SMD
A700V107M002ATE025,1000,8.1259,KEMET,CAP ALUM POLY 100UF 20% 2V SMD
A700V157M002ATE025,1000,8.1259,KEMET,CAP ALUM POLY 150UF 20% 2V SMD
A700V336M006ATE025,1000,8.1259,KEMET,CAP ALUM POLY 33UF 20% 6.3V SMD
A700V336M008ATE025,1000,8.1259,KEMET,CAP ALUM POLY 33UF 20% 8V SMD
A700V226M006ATE028,1000,8.1259,KEMET,CAP ALUM POLY 22UF 20% 6.3V SMD
A700V826M006ATE025,1000,8.1259,KEMET,CAP ALUM POLY 82UF 20% 6.3V SMD
A700D127M006ATE0127280,2500,8.17984,KEMET,CAP ALUM POLY 120UF 20% 6.3V SMD
A798V227M004PTE015,1000,8.48902,KEMET,CAP ALUM POLY 220UF 4V SMD
P409CE104M275AH330LY0P,800,8.25613,KEMET,CAP ALUM POLY 150UF 20% 4V SMD
A700V107M006ATE030,1000,8.31188,KEMET,CAP ALUM POLY 100UF 20% 6.3V SMD
A700V107M006ATE028,1000,8.31188,KEMET,CAP ALUM POLY 100UF 20% 6.3V SMD
A700D476M12RATE020,500,8.41152,KEMET,CAP ALUM POLY 47UF 20% 12.5V SMD
A700D476M12RATE040,500,8.41152,KEMET,CAP ALUM POLY 47UF 20% 12.5V SMD
A700D476M12RAT,500,8.41152,KEMET,CAP ALUM POLY 47UF 20% 12.5V SMD
A700V226M016ATE030,1000,8.47511,KEMET,CAP ALUM POLY 22UF 20% 16V SMD
A700Q227M002ATE009,1000,8.64373,KEMET,CAP ALUM POLY 220UF 20% 2V SMD
A700X187M2R5ATE010,500,8.6482,KEMET,CAP ALUM POLY 180UF 20% 2.5V SMD
A700V157M002ATE015,1000,8.68863,KEMET,CAP ALUM POLY 150UF 20% 2V SMD
A700V826M004ATE018,1000,8.68863,KEMET,CAP ALUM POLY 82UF 20% 4V SMD
A700V336M006ATE018,1000,8.68863,KEMET,CAP ALUM POLY 33UF 20% 6.3V SMD
A700V157M002ATE018,1000,8.68863,KEMET,CAP ALUM POLY 150UF 20% 2V SMD
A700V826M2R5ATE018,1000,8.68863,KEMET,CAP ALUM POLY 82UF 20% 2.5V SMD
A700V826M006ATE018,1000,8.68863,KEMET,CAP ALUM POLY 82UF 20% 6.3V SMD
A700V566M006ATE018,1000,8.68863,KEMET,CAP ALUM POLY 56UF 20% 6.3V SMD
A700V107M002ATE016,1000,8.68863,KEMET,CAP ALUM POLY 100UF 20% 2V SMD
A700V107M002ATE018,1000,8.68863,KEMET,CAP ALUM POLY 100UF 20% 2V SMD
A765KN827M0GLAE012,3000,2.48166,KEMET,CAP ALUM POLY 820UF 20% 4V SMD
A700V107M006ATE025,1000,8.87362,KEMET,CAP ALUM POLY 100UF 20% 6.3V SMD
F862FN225K310ZV054V093,1056,8.91049,KEMET,CAP ALUM POLY 150UF 20% 6.3V SMD
A700D476M12RATE0257280,2500,8.97709,KEMET,CAP ALUM POLY 47UF 20% 12.5V SMD
A700V685M016ATE070,1000,8.99129,KEMET,CAP ALUM POLY 6.8UF 20% 16V SMD
A700V106M016ATE060,1000,8.99129,KEMET,CAP ALUM POLY 10UF 20% 16V SMD
A798D477M002ATE009,500,9.01386,KEMET,CAP ALUM POLY 470UF 20% 2V SMD
A700V226M016ATE025,1000,9.03603,KEMET,CAP ALUM POLY 22UF 20% 16V SMD
A798V227M006PTE015,1000,9.41836,KEMET,CAP ALUM POLY 220UF 6.3V SMD
A700D187M004ATE0157280,2500,9.13599,KEMET,CAP ALUM POLY 180UF 20% 4V SMD
A700D686M008ATE0157280,2500,9.13599,KEMET,CAP ALUM POLY 68UF 20% 8V SMD
A700D686M010AT,2500,9.43002,KEMET,CAP ALUM POLY 68UF 20% 10V SMD
A700V107M006ATE018,1000,9.43255,KEMET,CAP ALUM POLY 100UF 20% 6.3V SMD
A700D686M008ATE018,500,9.76458,KEMET,CAP ALUM POLY 68UF 20% 8V SMD
A700D566M010ATE018,500,9.76458,KEMET,CAP ALUM POLY 56UF 20% 10V SMD
A700D187M2R5ATE018,500,9.76458,KEMET,CAP ALUM POLY 180UF 20% 2.5V SMD
A700D187M004ATE018,500,9.76458,KEMET,CAP ALUM POLY 180UF 20% 4V SMD
A700D337M002ATE006,500,9.76458,KEMET,CAP ALUM POLY 330UF 20% 2V SMD
A700D187M2R5AT6070,500,9.76458,KEMET,CAP ALUM POLY 180UF 20% 2.5V SMD
A700D157M006ATE018,500,9.76458,KEMET,CAP ALUM POLY 150UF 20% 6.3V SMD
A700D566M010AT6070,500,9.76458,KEMET,CAP ALUM POLY 56UF 20% 10V SMD
F862FN225K310ZV054V115,690,9.79139,KEMET,CAP ALUM POLY 120UF 20% 4V SMD
F862FN225K310ZV054V215,690,9.79139,KEMET,CAP ALUM POLY 330UF 20% 4V SMD
P295BJ222M500CL29K,2400,9.94491,KEMET,CAP ALUM 220UF 20% 16V SMD
A700D686M010ATE0157280,2500,9.95745,KEMET,CAP ALUM POLY 68UF 20% 10V SMD
A765MU567M1CLAE018,2400,3.9323,KEMET,CAP ALUM POLY 560UF 20% 16V SMD
A798D477M002PTE009,500,10.14944,KEMET,CAP ALUM POLY 470UF 20% 2V SMD
A700D107M006ATE0187280,2500,10.25945,KEMET,CAP ALUM POLY 100UF 20% 6.3V SMD
A700D566M008ATE015,500,10.34724,KEMET,CAP ALUM POLY 56UF 20% 8V SMD
A700D187M2R5ATE015,500,10.34724,KEMET,CAP ALUM POLY 180UF 20% 2.5V SMD
A798D477M2R5PTE009,500,10.40528,KEMET,CAP ALUM POLY 470UF 20% 2.5V SMD
A700D107M006ATE0157280,2500,10.78416,KEMET,CAP ALUM POLY 100UF 20% 6.3V SMD
A700D157M006ATE012,500,10.92692,KEMET,CAP ALUM POLY 150UF 20% 6.3V SMD
A700D337M002ATE009,500,10.92692,KEMET,CAP ALUM POLY 330UF 20% 2V SMD
A700D187M004ATE012,500,10.92692,KEMET,CAP ALUM POLY 180UF 20% 4V SMD
F862FN225K310ZV054V136,336,11.01536,KEMET,CAP ALUM POLY 100UF 20% 6.3V SMD
A700X107M008ATE0157280,2000,11.11518,KEMET,CAP ALUM POLY 100UF 20% 8V SMD
A720V107M016APE040,1000,11.47395,KEMET,CAP ALUM POLY 100UF 20% 16V SMD
A700D187M006ATE010,500,11.5038,KEMET,CAP ALUM POLY 180UF 20% 6.3V SMD
A700D187M002ATE018,500,12.58104,KEMET,CAP ALUM POLY 180UF 20% 2V SMD
A700D226M016ATE025,500,11.57856,KEMET,CAP ALUM POLY 22UF 20% 16V SMD
A700D107M006AT6008,500,11.57856,KEMET,CAP ALUM POLY 100UF 20% 6.3V SMD
A700D187M002AT6070,500,11.57856,KEMET,CAP ALUM POLY 180UF 20% 2V SMD
A700D107M006ATE0187111,500,11.57856,KEMET,CAP ALUM POLY 100UF 20% 6.3V SMD
A700D157M004AT6008,500,11.57856,KEMET,CAP ALUM POLY 150UF 20% 4V SMD
A700D107M006AT6070,500,11.57856,KEMET,CAP ALUM POLY 100UF 20% 6.3V SMD
A700D107M006ATE010,500,11.57856,KEMET,CAP ALUM POLY 100UF 20% 6.3V SMD
A700D157M004ATE0186008,500,11.57856,KEMET,CAP ALUM POLY 150UF 20% 4V SMD
A700X107M008ATE0107280,2000,11.64352,KEMET,CAP ALUM POLY 100UF 20% 8V SMD
A720V107M016APE025,1000,11.6935,KEMET,CAP ALUM POLY 100UF 20% 16V SMD
A700X157M010ATE0157280,2000,11.75429,KEMET,CAP ALUM POLY 150UF 20% 10V SMD
A720V107M016APE015,1000,11.91281,KEMET,CAP ALUM POLY 100UF 20% 16V SMD
A700X107M010ATE0107280,2000,12.0261,KEMET,CAP ALUM POLY 100UF 20% 10V SMD
A700D227M004ATE010,500,12.13558,KEMET,CAP ALUM POLY 220UF 20% 4V SMD
A700D227M002ATE015,500,12.15278,KEMET,CAP ALUM POLY 220UF 20% 2V SMD
A700D157M2R5ATE015,500,12.15278,KEMET,CAP ALUM POLY 150UF 20% 2.5V SMD
A700D127M004ATE015,500,12.15278,KEMET,CAP ALUM POLY 120UF 20% 4V SMD
A700D187M002ATE015,500,12.15278,KEMET,CAP ALUM POLY 180UF 20% 2V SMD
A700D157M004ATE0182478,500,12.15278,KEMET,CAP ALUM POLY 150UF 20% 4V SMD
A700D107M006ATE0156008,500,12.15278,KEMET,CAP ALUM POLY 100UF 20% 6.3V SMD
A700D107M006ATE0182478,500,12.15278,KEMET,CAP ALUM POLY 100UF 20% 6.3V SMD
A700X337M004ATE0157280,2000,12.26393,KEMET,CAP ALUM POLY 330UF 20% 4V SMD
A700X157M010ATE0107280,2000,12.28076,KEMET,CAP ALUM POLY 150UF 20% 10V SMD
A700X567M002ATE009,500,12.36448,KEMET,CAP ALUM POLY 560UF 20% 2V SMD
A700X567M2R5ATE009,500,12.70734,KEMET,CAP ALUM POLY 560UF 20% 2.5V SMD
A700X567M002ATE006,500,12.70734,KEMET,CAP ALUM POLY 560UF 20% 2V SMD
A700X477M2R5ATE015,500,12.70734,KEMET,CAP ALUM POLY 470UF 20% 2.5V SMD
A700X337M2R5ATE015,500,12.70734,KEMET,CAP ALUM POLY 330UF 20% 2.5V SMD
A700D227M004ATE015,500,12.70734,KEMET,CAP ALUM POLY 220UF 20% 4V SMD
A700X337M2R5ATE008,500,12.70734,KEMET,CAP ALUM POLY 330UF 20% 2.5V SMD
A700D227M002ATE012,500,13.82606,KEMET,CAP ALUM POLY 220UF 20% 2V SMD
A700X227M006ATE0157280,2000,13.02609,KEMET,CAP ALUM POLY 220UF 20% 6.3V SMD
A700X227M004ATE009,500,13.03216,KEMET,CAP ALUM POLY 220UF 20% 4V SMD
A700X157M010ATYENG,500,13.03216,KEMET,CAP ALUM POLY 150UF 20% 10V SMD
A700X157M010ATE012,500,13.03216,KEMET,CAP ALUM POLY 150UF 20% 10V SMD
A700X567M002ATE005,500,13.04936,KEMET,CAP ALUM POLY 560UF 20% 2V SMD
A700X567M002ATE4R5,500,13.27694,KEMET,CAP ALUM POLY 560UF 20% 2V SMD
A700X477M2R5ATE010,500,13.27694,KEMET,CAP ALUM POLY 470UF 20% 2.5V SMD
A700X567M2R5ATE006,500,13.27694,KEMET,CAP ALUM POLY 560UF 20% 2.5V SMD
A700X337M2R5ATE010,500,13.27694,KEMET,CAP ALUM POLY 330UF 20% 2.5V SMD
A700D227M002ATE009,500,13.29398,KEMET,CAP ALUM POLY 220UF 20% 2V SMD
A700X107M010ATE010E015,500,13.32572,KEMET,CAP ALUM POLY 100UF 20% 10V SMD
A700X107M010ATE0152478,500,13.32572,KEMET,CAP ALUM POLY 100UF 20% 10V SMD
A700X107M008ATE0102478,500,13.48136,KEMET,CAP ALUM POLY 100UF 20% 8V SMD
A700X477M2R5ATE007,500,13.50418,KEMET,CAP ALUM POLY 470UF 20% 2.5V SMD
A700X227M006ATE0107280,2000,13.54934,KEMET,CAP ALUM POLY 220UF 20% 6.3V SMD
A700X157M010ATE010YENG,500,13.6006,KEMET,CAP ALUM POLY 150UF 20% 10V SMD
A700X157M010ATE010E015,500,13.6006,KEMET,CAP ALUM POLY 150UF 20% 10V SMD
A700X157M010ATE0152478,500,13.6006,KEMET,CAP ALUM POLY 150UF 20% 10V SMD
A700X157M006ATE0157280,2000,13.65916,KEMET,CAP ALUM POLY 150UF 20% 6.3V SMD
A700X477M2R5ATE005,500,13.7311,KEMET,CAP ALUM POLY 470UF 20% 2.5V SMD
A785MW187M1JLAS015,1,13.81,KEMET,CAP ALUM HYB 180UF 20% 63V SMD
A700X567M2R5ATE4R5,500,13.84438,KEMET,CAP ALUM POLY 560UF 20% 2.5V SMD
A700X127M010ATE015,500,13.84438,KEMET,CAP ALUM POLY 120UF 20% 10V SMD
A700X107M010ATE0102478,500,13.89302,KEMET,CAP ALUM POLY 100UF 20% 10V SMD
A700X337M004ATE0152478,500,14.14886,KEMET,CAP ALUM POLY 330UF 20% 4V SMD
A700D477M002ATE006,500,14.41002,KEMET,CAP ALUM POLY 470UF 20% 2V SMD
A700X337M004ATE0102478,500,14.7135,KEMET,CAP ALUM POLY 330UF 20% 4V SMD
A700X227M006ATE0107333,500,14.96804,KEMET,CAP ALUM POLY 220UF 20% 6.3V SMD
A700X277M002ATE015,500,15.0863,KEMET,CAP ALUM POLY 270UF 20% 2V SMD
A700X397M002ATE015,500,15.0863,KEMET,CAP ALUM POLY 390UF 20% 2V SMD
A700X187M004ATE018,500,15.0863,KEMET,CAP ALUM POLY 180UF 20% 4V SMD
A700X227M2R5ATE009,500,15.0863,KEMET,CAP ALUM POLY 220UF 20% 2.5V SMD
A700X157M006ATE0157622,500,15.0863,KEMET,CAP ALUM POLY 150UF 20% 6.3V SMD
A700X277M002ATE007,500,15.0863,KEMET,CAP ALUM POLY 270UF 20% 2V SMD
A700X187M004ATE0157622,500,15.0863,KEMET,CAP ALUM POLY 180UF 20% 4V SMD
F862FY475K310ZV054V093,504,15.08978,KEMET,CAP ALUM HYBRID 56UF 20% 63V TH
A700V686M004ATE020,1,15.46,KEMET,CAP ALUM POLY 68UF 20% 4V SMD
A700V477M002ATE005,1,15.46,KEMET,CAP ALUM POLY 470UF 20% 2V SMD
A700X107M12RATE0157280,2000,15.54844,KEMET,CAP ALUM POLY 100UF 20% 12.5V
A700X397M002ATE010,500,15.64796,KEMET,CAP ALUM POLY 390UF 20% 2V SMD
A700X187M004ATE010,500,15.64796,KEMET,CAP ALUM POLY 180UF 20% 4V SMD
A700X277M002ATE012,500,15.64796,KEMET,CAP ALUM POLY 270UF 20% 2V SMD
A700X227M2R5ATE010,500,15.64796,KEMET,CAP ALUM POLY 220UF 20% 2.5V SMD
A700X277M002ATE010,500,15.64796,KEMET,CAP ALUM POLY 270UF 20% 2V SMD
A700X277M004ATE010,500,15.64796,KEMET,CAP ALUM POLY 270UF 20% 4V SMD
A700X157M006ATE012,500,15.64796,KEMET,CAP ALUM POLY 150UF 20% 6.3V SMD
A700X157M006ATE0152478,500,15.64796,KEMET,CAP ALUM POLY 150UF 20% 6.3V SMD
A700X157M006ATE0107622,500,15.64796,KEMET,CAP ALUM POLY 150UF 20% 6.3V SMD
A700X227M2R5ATE0102478,500,16.20796,KEMET,CAP ALUM POLY 220UF 20% 2.5V SMD
A700X187M004ATE0102478,500,16.20796,KEMET,CAP ALUM POLY 180UF 20% 4V SMD
A785MW187M1JLAV015,1,16.7,KEMET,CAP ALUM HYB 180UF 20% 63V SMD
A700W227M2R5ATE006,1,16.79,KEMET,CAP ALUM POLY 220UF 20% 2.5V SMD
A700V826M004ATE028,1,17.04,KEMET,CAP ALUM POLY 82UF 20% 4V SMD
A700V566M006ATE028,1,17.04,KEMET,CAP ALUM POLY 56UF 20% 6.3V SMD
A700V336M008ATE028,1,17.04,KEMET,CAP ALUM POLY 33UF 20% 8V SMD
A700X107M12RATE018,500,17.11776,KEMET,CAP ALUM POLY 100UF 20% 12.5V
A700X107M12RATE025,500,17.11776,KEMET,CAP ALUM POLY 100UF 20% 12.5V
A700X107M12RATE010,500,17.6738,KEMET,CAP ALUM POLY 100UF 20% 12.5V
A759PY687M1HBAE026,1000,17.97374,KEMET,CAP ALUM POLY 680UF 20% 50V TH
A700V156M016ATE040,1,22,KEMET,CAP ALUM POLY 15UF 20% 16V SMD
A700D157M2R5ATE018,1,25.64,KEMET,CAP ALUM POLY 150UF 20% 2.5V SMD
A700X337M002ATE015,1,31.34,KEMET,CAP ALUM POLY 330UF 20% 2V SMD
A700X187M004ATE015,1,31.34,KEMET,CAP ALUM POLY 180UF 20% 4V SMD
A700X477M002ATE007,1,35.23,KEMET,CAP ALUM POLY 470UF 20% 2V SMD
A720V226M035APE040,1,37.71,KEMET,CAP ALUM POLY 22UF 20% 35V SMD
PHH225MLP3560QE4,1280,38.62739,KEMET,CAP ALUM HYB 560UF 10-30% 63V TH
PHA227JML4290ME4,1161,56.31601,KEMET,CAP ALU HYBRID AXIAL 125C 35V 29
PHA227HML4470ME4,1161,57.9341,KEMET,CAP ALU HYBRID AXIAL 125C 25V 47
A759SZ826M2EBAE150,500,56.50932,KEMET,CAP ALUM POLY 82UF 20% 250V TH
PHA223JML4290ME4,1161,59.34172,KEMET,CAP ALU HYBRID AXIAL 125C 35V 29
PHA223HML4470ME4,1161,59.83105,KEMET,CAP ALU HYBRID AXIAL 125C 25V 47
PHA227JMP4420ME4,1161,70.79388,KEMET,CAP ALU HYBRID AXIAL 125C 35V 42
PHA227HMP4680ME4,1161,72.3847,KEMET,CAP ALU HYBRID AXIAL 125C 25V 68
PHA223JMP4420ME4,1161,74.19285,KEMET,CAP ALU HYBRID AXIAL 125C 35V 42
PHA223HMP4680ME4,1161,74.29978,KEMET,CAP ALU HYBRID AXIAL 125C 25V 68
PHA227JMS4540ME4,1088,80.98851,KEMET,CAP ALU HYBRID AXIAL 125C 35V 54
PHH227HMP4680ME4,1152,81.53249,KEMET,CAP ALU HYBRID RADIAL 125C 25V 6
PHA227MML4100ME4,1161,82.2755,KEMET,CAP ALU HYBRID AXIAL 125C 63V 10
PHH223HMP4680ME4,1152,83.48177,KEMET,CAP ALU HYBRID RADIAL 125C 25V 6
PHA223MML4100ME4,1161,84.18041,KEMET,CAP ALU HYBRID AXIAL 125C 63V 10
PHA223JMS4540ME4,1088,84.28401,KEMET,CAP ALU HYBRID AXIAL 125C 35V 54
PHA227HMS4870ME4,1088,88.46811,KEMET,CAP ALU HYBRID AXIAL 125C 25V 87
PHA223HMS4870ME4,1088,90.40371,KEMET,CAP ALU HYBRID AXIAL 125C 25V 87
PHA227MMP4150ME4,1161,105.16153,KEMET,CAP ALU HYBRID AXIAL 125C 63V 15
PHA223MMP4150ME4,1161,107.08118,KEMET,CAP ALU HYBRID AXIAL 125C 63V 15
PHH227MMP4150ME4,1152,114.57675,KEMET,CAP ALU HYBRID RADIAL 125C 63V 1
PHH223MMP4150ME4,1152,116.52031,KEMET,CAP ALU HYBRID RADIAL 125C 63V 1
PHA223MMS4190ME4,1088,121.18241,KEMET,CAP ALU HYBRID AXIAL 125C 63V 19
PHA225KLP4110QE1,1,,KEMET,CAP ALUM HYB 1100UF 10-30% 40V
PHA225MLP3560QE1,1,,KEMET,CAP ALUM HYB 560UF 10-30% 63V TH
A700V106M010ATE055,1,,KEMET,CAP ALUM POLY 10UF 20% 10V SMD
A700D107M2R5ATE025,1,,KEMET,CAP ALUM POLY 100UF 20% 2.5V SMD
A700D566M12RATE020,1,,KEMET,CAP ALUM POLY 56UF 20% 12.5V SMD
A759BQ106M1HBAE105,1,,KEMET,CAP ALUM POLY 10UF 20% 50V TH
A750BK337M0JAAE011,1,,KEMET,CAP ALUM POLY 330UF 20% 6.3V TH
A750KK337M1CDAE014,1,,KEMET,CAP ALUM POLY 330UF 20% 16V TH
A700V107M004ATE025,1,,KEMET,CAP ALUM POLY 100UF 20% 4V SMD
A759MS157M1VEAE030,1,,KEMET,CAP ALUM POLY 150UF 20% 35V TH
A759MS226M2AEAE045,1,,KEMET,CAP ALUM POLY 22UF 20% 100V TH
A759KS475M2EBAE496,1,,KEMET,CAP ALUM POLY 4.7UF 20% 250V TH
A750MS567M1EBAE015,1,,KEMET,CAP ALUM POLY 560UF 20% 25V TH
A755MS158M1AEAE013,1,,KEMET,CAP ALUM POLY 1500UF 20% 10V TH
A759MS107M1HBAE031,1,,KEMET,CAP ALUM POLY 100UF 20% 50V TH
A759MW157M1JEAE048,1,,KEMET,CAP ALUM POLY 150UF 20% 63V TH
A750BK277M0JAAE011,1,,KEMET,CAP ALUM POLY 270UF 20% 6.3V TH
A750EK277M1AEAE010,1,,KEMET,CAP ALUM POLY 270UF 20% 10V TH
A750MV108M1EEAE014,1,,KEMET,CAP ALUM POLY 1000UF 20% 25V TH
A770KE187M1ELAS029,1,,KEMET,CAP ALUM POLY 180UF 20% 25V SMD
A755KS227M1EBAE025,1,,KEMET,CAP ALUM POLY 220UF 20% 25V TH
A759KS476M1KEAE045,1,,KEMET,CAP ALUM POLY 47UF 20% 80V TH
A768MS476M1KLAV034,1,,KEMET,CAP ALUM POLY 47UF 20% 80V SMD
A768MS566M1KLAV034,1,,KEMET,CAP ALUM POLY 56UF 20% 80V SMD
A750MV108M1EBAE014,1,,KEMET,CAP ALUM POLY 1000UF 20% 25V TH
A750BK277M0JFAE011,1,,KEMET,CAP ALUM POLY 270UF 20% 6.3V TH
A750MW187M1JEAE020,1,,KEMET,CAP ALUM POLY 180UF 20% 63V TH
A759PX477M1JAAE040,1,,KEMET,CAP ALUM POLY 470UF 20% 63V TH
A750MW228M1AAAE010,1,,KEMET,CAP ALUM POLY 2200UF 20% 10V TH
A768KE476M1HLAS042,1,,KEMET,CAP ALUM POLY 47UF 20% 50V SMD
A759MW566M2AAAE045,1,,KEMET,CAP ALUM POLY 56UF 20% 100V TH
A767MU107M2ELAE029,1,,KEMET,CAP ALUM POLY 100UF 20% 250V SMD
A780MN477M1ELAV022,1,,KEMET,470.UF 25.0V
